Workbook

Sheet REKAP
A1: REKAP ESTIMASI ZAMRUD | M1: Ket : | O1: Diisi
A2: Smt. 2 Tahun Ajaran 2026 - 2027
J3: (Mohon diisi)
A4: NO | B4: Produk | C4: Exp LKS | D4: Exp PG | E4: Nominal LKS | F4: Nominal PG | H4: Nama | I4: :
A5: 1 | B5: AKM & P5 | C5: ='AKM & P5'!H23 -> 0 | D5: ='AKM & P5'!J23 -> 0 | E5: ='AKM & P5'!K23 -> 0 | F5: ='AKM & P5'!L23 -> 0 | H5: Area | I5: :
A6: 2 | B6: SD | C6: =sd!F94+sd!R18 -> 0 | D6: =sd!I94+sd!U18 -> 0 | E6: =sd!J94+sd!V18 -> 0 | F6: =sd!K94+sd!W18 -> 0 | H6: Tanggal | I6: :
A7: 3 | B7: SMP | C7: =+SMP!F75 -> 0 | D7: =+SMP!I75 -> 0 | E7: =+SMP!J75 -> 0 | F7: =+SMP!K75 -> 0
A8: 4 | B8: SMA_SMK | C8: =+SMA!F100+SMA!R23 -> 0 | D8: =SMA!I100+SMA!U23 -> 0 | E8: =+SMA!J100+SMA!V23 -> 0 | F8: =+SMA!K100+SMA!W23 -> 0
A9: 5 | B9: SMK | C9: =+SMK!G29 -> 0 | D9: =+SMK!I29 -> 0 | E9: =+SMK!J29 -> 0 | F9: =+SMK!K29 -> 0
A10: 6 | B10: Produktif | C10: =PROD!G72 -> 0 | D10: =PROD!I72 -> 0 | E10: =PROD!J72 -> 0 | F10: =PROD!K72 -> 0
A11: 7 | B11: Madrasah | C11: =MADRASAH!G70 -> 0 | D11: =MADRASAH!J70 -> 0 | E11: =MADRASAH!K70 -> 0 | F11: =MADRASAH!L70 -> 0
A12: 8 | B12: TK Akademik | C12: =TKA!G25 -> 0 | D12: =TKA!I25 -> 0 | E12: =TKA!J25 -> 0 | F12: =TKA!K25 -> 0
A13: 9 | B13: ASAJ UM | C13: ='ASAJ UM'!F39 -> 0 | D13: ='ASAJ UM'!H39 -> 0 | E13: ='ASAJ UM'!I39 -> 0 | F13: ='ASAJ UM'!J39 -> 0
A14: 10 | B14: JURNAL & TK | C14: ='jurnal & tk'!F27 -> 0 | E14: ='jurnal & tk'!G27 -> 0
C15: =SUM(C5:C14) -> 0 | D15: =SUM(D5:D14) -> 0 | E15: =SUM(E5:E14) -> 0 | F15: =SUM(F5:F14) -> 0
B16: Total Pengambilan | C16: Eksemplar | D16: =C15+D15 -> 0 | E16: Nominal | F16: =E15+F15 -> 0
D17: Potongan | F17: =F16*E17 -> 0
D18: Pembelian Netto | F18: =F16-F17 -> 0
D19: Biaya Kirim
D20: TOTAL | F20: =F18+F19 -> 0
D21: PEMBAYARAN
D22: SALDO | F22: =F20-F21 -> 0
A24: CATATAN :
A25: 1 | B25: Petunjuk pengisian :
B26: a. Silahkan diisi pada sheet selain REKAP dan Base sesuai yang dibutuhkan
B27: b. Jangan mengganti apapun selain order pada colom yang telah disediakan data di atas jika ada penambahan mohon dibuat tersendiri.
B28: c. Pada sheet REKAP mohon diisi nama area dan tanggal
A29: 2 | B29: Estimasi Mohon Segera di Masukkan demi ketersediaan stok dikemudian hari
A30: 3 | B30: Pengisian PG adalah untuk yang beli saja selain sample yang didapatkan. PG SD setingkat 40: 1 selain SD 100: 1
A31: 4 | B31: RETUR Maximal 5% dari total pengambilan (Jika melebihi akan kena pinalti 70%)

Sheet AKM & P5
A1: ESTIMASI ZAMRUD AKM - AKMI - P5
A2: NAMA : | B2: =REKAP!$J$4 -> 0
A4: No | B4: Jenjang | C4: Jenis | D4: Bidang Studi | E4: Kls | F4: Hal | G4: Harga | H4: ORDER LKS | I4: Harga PG | J4: PG BELI
A5: 1 | B5: SD | C5: AKM | D5: SD | F5: 176 | G5: 17800 | I5: 29800 | K5: =H5*G5 -> 0 | L5: =J5*I5 -> 0
A6: 2 | B6: SMP | D6: SMP | F6: 176 | G6: 17800 | I6: 28000 | K6: =H6*G6 -> 0 | L6: =J6*I6 -> 0
A7: 3 | B7: SMA | D7: SMA-SMK | F7: 240 | G7: 23800 | I7: 36500 | K7: =H7*G7 -> 0 | L7: =J7*I7 -> 0
A8: 4 | B8: SD | C8: AKMI | D8: MI | F8: 144 | G8: 15300 | I8: 19500 | K8: =H8*G8 -> 0 | L8: =J8*I8 -> 0
A9: 5 | B9: SMP | D9: MTS | F9: 144 | G9: 15300 | I9: 24500 | K9: =H9*G9 -> 0 | L9: =J9*I9 -> 0
A10: 6 | B10: SMA | D10: MAK | F10: 144 | G10: 15300 | I10: 23000 | K10: =H10*G10 -> 0 | L10: =J10*I10 -> 0
A11: 7 | C11: SD | D11: P5 SD | E11: 1 | F11: 128 | G11: 13600 | K11: =H11*G11 -> 0 | L11: =J11*I11 -> 0
A12: 8 | D12: P5 SD | E12: 2 | F12: 128 | G12: 13600 | K12: =H12*G12 -> 0 | L12: =J12*I12 -> 0
A13: 9 | D13: P5 SD | E13: 3 | F13: 128 | G13: 13600 | K13: =H13*G13 -> 0 | L13: =J13*I13 -> 0
A14: 10 | D14: P5 SD | E14: 4 | F14: 128 | G14: 13600 | K14: =H14*G14 -> 0 | L14: =J14*I14 -> 0
A15: 11 | D15: P5 SD | E15: 5 | F15: 128 | G15: 13600 | K15: =H15*G15 -> 0 | L15: =J15*I15 -> 0
A16: 12 | D16: P5 SD | E16: 6 | F16: 128 | G16: 13600 | K16: =H16*G16 -> 0 | L16: =J16*I16 -> 0
A17: 13 | C17: SMP | D17: P5 SMP | E17: 7 | F17: 128 | G17: 13600 | K17: =H17*G17 -> 0 | L17: =J17*I17 -> 0
A18: 14 | D18: P5 SMP | E18: 8 | F18: 128 | G18: 13600 | K18: =H18*G18 -> 0 | L18: =J18*I18 -> 0
A19: 15 | D19: P5 SMP | E19: 9 | F19: 128 | G19: 13600 | K19: =H19*G19 -> 0 | L19: =J19*I19 -> 0
A20: 16 | C20: SMA | D20: P5 SMA | E20: 10 | F20: 128 | G20: 13600 | K20: =H20*G20 -> 0 | L20: =J20*I20 -> 0
A21: 17 | D21: P5 SMA | E21: 11 | F21: 128 | G21: 13600 | K21: =H21*G21 -> 0 | L21: =J21*I21 -> 0
A22: 18 | D22: P5 SMA | E22: 12 | F22: 128 | G22: 13600 | K22: =H22*G22 -> 0 | L22: =J22*I22 -> 0
H23: =SUM(H5:H22) -> 0 | J23: =SUM(J5:J10) -> 0 | K23: =SUM(K5:K22) -> 0 | L23: =SUM(L5:L10) -> 0
B25: Nama | C25: : | D25: =REKAP!J4 -> 0
B26: Area | C26: : | D26: =REKAP!J5 -> 0
B27: Tanggal | C27: : | D27: =REKAP!J6 -> 0
B33: ( ………………………………………………………..)
B34: Tanda tangan dan nama Terang

Sheet sd
A1: DAFTAR ESTIMASI ZAMRUD SD MERDEKA
A2: =REKAP!A2 -> Smt. 2 Tahun Ajaran 2026 - 2027
A3: NAMA : | B3: =REKAP!$J$4 -> 0
A4: No | B4: Bidang Studi Kur. Merdeka | C4: Kls | D4: Hal | E4: Harga | F4: ORDER LKS | G4: Harga PG | H4: Hal PG | I4: PG Beli | M4: No | N4: KUR. Mer SD Terpadu | O4: Kls | P4: Hal | Q4: Harga | R4: ORDER LKS | S4: Harga PG | T4: Hal PG | U4: PG Beli
A6: 1 | B6: Pkn | C6: 1 | D6: 112 | E6: 4350 | G6: 9000 | H6: 128 | J6: =F6*E6 -> 0 | K6: =I6*G6 -> 0 | M6: 1 | N6: SD TERPADU | O6: 1 | P6: 224 | Q6: 9150 | S6: 15000 | T6: 368 | V6: =R6*Q6 -> 0 | W6: =U6*S6 -> 0
A7: 2 | B7: Pkn | C7: 2 | D7: 112 | E7: 4350 | G7: 9000 | H7: 128 | J7: =F7*E7 -> 0 | K7: =I7*G7 -> 0 | M7: 2 | N7: SD TERPADU | O7: 2 | P7: 224 | Q7: 9150 | S7: 15000 | T7: 384 | V7: =R7*Q7 -> 0 | W7: =U7*S7 -> 0
A8: 3 | B8: Pkn | C8: 3 | D8: 112 | E8: 4350 | G8: 9000 | H8: 128 | J8: =F8*E8 -> 0 | K8: =I8*G8 -> 0 | M8: 3 | N8: SD TERPADU | O8: 3 | P8: 256 | Q8: 10500 | S8: 15000 | T8: 448 | V8: =R8*Q8 -> 0 | W8: =U8*S8 -> 0
A9: 4 | B9: Pkn | C9: 4 | D9: 112 | E9: 4350 | G9: 9000 | H9: 144 | J9: =F9*E9 -> 0 | K9: =I9*G9 -> 0 | M9: 4 | N9: SD TERPADU | O9: 4 | P9: 256 | Q9: 10500 | S9: 15000 | T9: 480 | V9: =R9*Q9 -> 0 | W9: =U9*S9 -> 0
A10: 5 | B10: Pkn | C10: 5 | D10: 112 | E10: 4350 | G10: 9000 | H10: 128 | J10: =F10*E10 -> 0 | K10: =I10*G10 -> 0 | M10: 5 | N10: SD TERPADU | O10: 5 | P10: 256 | Q10: 10500 | S10: 15000 | T10: 480 | V10: =R10*Q10 -> 0 | W10: =U10*S10 -> 0
A11: 6 | B11: Pkn | C11: 6 | D11: 112 | E11: 4350 | G11: 9000 | H11: 144 | J11: =F11*E11 -> 0 | K11: =I11*G11 -> 0 | M11: 6 | N11: SD TERPADU | O11: 6 | P11: 256 | Q11: 10500 | S11: 15000 | T11: 448 | V11: =R11*Q11 -> 0 | W11: =U11*S11 -> 0
A12: 7 | B12: Bahasa Indonesia | C12: 1 | D12: 112 | E12: 4350 | G12: 9000 | H12: 128 | J12: =F12*E12 -> 0 | K12: =I12*G12 -> 0 | M12: 7 | N12: Seni Terpadu | O12: 1 | P12: 112 | Q12: 4350 | S12: 9000 | T12: 128 | V12: =R12*Q12 -> 0 | W12: =U12*S12 -> 0
A13: 8 | B13: Bahasa Indonesia | C13: 2 | D13: 112 | E13: 4350 | G13: 9000 | H13: 144 | J13: =F13*E13 -> 0 | K13: =I13*G13 -> 0 | M13: 8 | N13: Seni Terpadu | O13: 2 | P13: 112 | Q13: 4350 | S13: 9000 | T13: 144 | V13: =R13*Q13 -> 0 | W13: =U13*S13 -> 0
A14: 9 | B14: Bahasa Indonesia | C14: 3 | D14: 112 | E14: 4350 | G14: 9000 | H14: 160 | J14: =F14*E14 -> 0 | K14: =I14*G14 -> 0 | M14: 9 | N14: Seni Terpadu | O14: 3 | P14: 112 | Q14: 4350 | S14: 9000 | T14: 144 | V14: =R14*Q14 -> 0 | W14: =U14*S14 -> 0
A15: 10 | B15: Bahasa Indonesia | C15: 4 | D15: 112 | E15: 4350 | G15: 9000 | H15: 144 | J15: =F15*E15 -> 0 | K15: =I15*G15 -> 0 | M15: 10 | N15: Seni Terpadu | O15: 4 | P15: 112 | Q15: 4350 | S15: 9000 | T15: 144 | V15: =R15*Q15 -> 0 | W15: =U15*S15 -> 0
A16: 11 | B16: Bahasa Indonesia | C16: 5 | D16: 112 | E16: 4350 | G16: 9000 | H16: 144 | J16: =F16*E16 -> 0 | K16: =I16*G16 -> 0 | M16: 11 | N16: Seni Terpadu | O16: 5 | P16: 112 | Q16: 4350 | S16: 9000 | T16: 144 | V16: =R16*Q16 -> 0 | W16: =U16*S16 -> 0
A17: 12 | B17: Bahasa Indonesia | C17: 6 | D17: 112 | E17: 4350 | G17: 9000 | H17: 144 | J17: =F17*E17 -> 0 | K17: =I17*G17 -> 0 | M17: 12 | N17: Seni Terpadu | O17: 6 | P17: 112 | Q17: 4350 | S17: 9000 | T17: 160 | V17: =R17*Q17 -> 0 | W17: =U17*S17 -> 0
A18: 13 | B18: Matematika | C18: 1 | D18: 112 | E18: 4350 | G18: 9000 | H18: 144 | J18: =F18*E18 -> 0 | K18: =I18*G18 -> 0 | R18: =SUM(R6:R17) -> 0 | U18: =SUM(U6:U17) -> 0 | V18: =SUM(V6:V17) -> 0 | W18: =SUM(W6:W17) -> 0
A19: 14 | B19: Matematika | C19: 2 | D19: 112 | E19: 4350 | G19: 9000 | H19: 144 | J19: =F19*E19 -> 0 | K19: =I19*G19 -> 0
A20: 15 | B20: Matematika | C20: 3 | D20: 112 | E20: 4350 | G20: 9000 | H20: 128 | J20: =F20*E20 -> 0 | K20: =I20*G20 -> 0
A21: 16 | B21: Matematika | C21: 4 | D21: 112 | E21: 4350 | G21: 9000 | H21: 176 | J21: =F21*E21 -> 0 | K21: =I21*G21 -> 0
A22: 17 | B22: Matematika | C22: 5 | D22: 112 | E22: 4350 | G22: 9000 | H22: 192 | J22: =F22*E22 -> 0 | K22: =I22*G22 -> 0
A23: 18 | B23: Matematika | C23: 6 | D23: 112 | E23: 4350 | G23: 9000 | H23: 176 | J23: =F23*E23 -> 0 | K23: =I23*G23 -> 0
A24: 19 | B24: IPAS Semester 1 | C24: 3 | D24: 112 | H24: 160 | J24: =F24*E24 -> 0 | K24: =I24*G24 -> 0
A25: 20 | B25: IPAS Semester 2 | C25: 3 | D25: 112 | E25: 4350 | G25: 9000 | H25: 160 | J25: =F25*E25 -> 0 | K25: =I25*G25 -> 0
A26: 21 | B26: IPAS Semester 1 | C26: 4 | D26: 112 | H26: 144 | J26: =F26*E26 -> 0 | K26: =I26*G26 -> 0
A27: 22 | B27: IPAS Semester 2 | C27: 4 | D27: 112 | E27: 4350 | G27: 9000 | H27: 160 | J27: =F27*E27 -> 0 | K27: =I27*G27 -> 0
A28: 23 | B28: IPAS Semester 1 | C28: 5 | D28: 112 | H28: 144 | J28: =F28*E28 -> 0 | K28: =I28*G28 -> 0
A29: 24 | B29: IPAS Semester 2 | C29: 5 | D29: 112 | E29: 4350 | G29: 9000 | H29: 144 | J29: =F29*E29 -> 0 | K29: =I29*G29 -> 0
A30: 25 | B30: IPAS Semester 1 | C30: 6 | D30: 112 | H30: 144 | J30: =F30*E30 -> 0 | K30: =I30*G30 -> 0
A31: 26 | B31: IPAS Semester 2 | C31: 6 | D31: 112 | E31: 4350 | G31: 9000 | H31: 144 | J31: =F31*E31 -> 0 | K31: =I31*G31 -> 0
A32: 27 | B32: Bahasa Inggris | C32: 1 | D32: 80 | E32: 3650 | G32: 9000 | H32: 112 | J32: =F32*E32 -> 0 | K32: =I32*G32 -> 0
A33: 28 | B33: Bahasa Inggris | C33: 2 | D33: 64 | E33: 3350 | G33: 9000 | H33: 96 | J33: =F33*E33 -> 0 | K33: =I33*G33 -> 0
A34: 29 | B34: Bahasa Inggris | C34: 3 | D34: 64 | E34: 3350 | G34: 9000 | H34: 96 | J34: =F34*E34 -> 0 | K34: =I34*G34 -> 0
A35: 30 | B35: Bahasa Inggris | C35: 4 | D35: 64 | E35: 3350 | G35: 9000 | H35: 96 | J35: =F35*E35 -> 0 | K35: =I35*G35 -> 0
A36: 31 | B36: Bahasa Inggris | C36: 5 | D36: 64 | E36: 3350 | G36: 9000 | H36: 96 | J36: =F36*E36 -> 0 | K36: =I36*G36 -> 0
A37: 32 | B37: Bahasa Inggris | C37: 6 | D37: 64 | E37: 3350 | G37: 9000 | H37: 112 | J37: =F37*E37 -> 0 | K37: =I37*G37 -> 0
A38: 33 | B38: PJOK | C38: 1 | D38: 64 | E38: 3350 | G38: 9000 | H38: 96 | J38: =F38*E38 -> 0 | K38: =I38*G38 -> 0
A39: 34 | B39: PJOK | C39: 2 | D39: 64 | E39: 3350 | G39: 9000 | H39: 96 | J39: =F39*E39 -> 0 | K39: =I39*G39 -> 0
A40: 35 | B40: PJOK | C40: 3 | D40: 64 | E40: 3350 | G40: 9000 | H40: 96 | J40: =F40*E40 -> 0 | K40: =I40*G40 -> 0
A41: 36 | B41: PJOK | C41: 4 | D41: 64 | E41: 3350 | G41: 9000 | H41: 96 | J41: =F41*E41 -> 0 | K41: =I41*G41 -> 0
A42: 37 | B42: PJOK | C42: 5 | D42: 64 | E42: 3350 | G42: 9000 | H42: 96 | J42: =F42*E42 -> 0 | K42: =I42*G42 -> 0
... A91: 86 | B91: BAJATIM SD Merdeka | C91: 6 | D91: 64 | E91: 3350 | G91: 8000 | H91: 80 | J91: =F91*E91 -> 0 | K91: =I91*G91 -> 0
A92: 87 | B92: Koding | C92: 5 | D92: 64 | E92: 3350 | G92: 9000 | K92: =I92*G92 -> 0
A93: 88 | B93: Koding | C93: 6 | D93: 64 | E93: 3350 | G93: 9000 | J93: =F93*E93 -> 0 | K93: =I93*G93 -> 0
F94: =SUM(F6:F93) -> 0 | I94: =SUM(I6:I93) -> 0 | J94: =SUM(J6:J93) -> 0 | K94: =SUM(K6:K93) -> 0
Y96: =F94+R18 -> 0 | Z96: =I94+U18 -> 0

Sheet SMP
A1: DAFTAR LKS ZAMRUD SMP
A2: =REKAP!A2 -> Smt. 2 Tahun Ajaran 2026 - 2027
A3: NAMA : | B3: =REKAP!$J$4 -> 0
A4: No | B4: Bidang Studi Kur Merdeka | C4: Kls | D4: Hal | E4: Harga | F4: ORDER LKS | G4: Harga PG | H4: Hal PG | I4: PG Beli
A6: 1 | B6: PPkn | C6: 7 | D6: 64 | E6: 3350 | G6: 8000 | H6: 96 | J6: =F6*E6 -> 0 | K6: =I6*G6 -> 0
A7: 2 | B7: PPkn | C7: 8 | D7: 64 | E7: 3350 | G7: 8000 | H7: 112 | J7: =F7*E7 -> 0 | K7: =I7*G7 -> 0
A8: 3 | B8: PPkn | C8: 9 | D8: 64 | E8: 3350 | G8: 8000 | H8: 112 | J8: =F8*E8 -> 0 | K8: =I8*G8 -> 0
A9: 4 | B9: Bahasa Indonesia | C9: 7 | D9: 64 | E9: 3350 | G9: 8000 | H9: 96 | J9: =F9*E9 -> 0 | K9: =I9*G9 -> 0
A10: 5 | B10: Bahasa Indonesia | C10: 8 | D10: 64 | E10: 3350 | G10: 8000 | H10: 96 | J10: =F10*E10 -> 0 | K10: =I10*G10 -> 0
A11: 6 | B11: Bahasa Indonesia | C11: 9 | D11: 64 | E11: 3350 | G11: 8000 | H11: 96 | J11: =F11*E11 -> 0 | K11: =I11*G11 -> 0
A12: 7 | B12: Matematika | C12: 7 | D12: 80 | E12: 3650 | G12: 8000 | H12: 128 | J12: =F12*E12 -> 0 | K12: =I12*G12 -> 0
A13: 8 | B13: Matematika | C13: 8 | D13: 80 | E13: 3650 | G13: 8000 | H13: 144 | J13: =F13*E13 -> 0 | K13: =I13*G13 -> 0
A14: 9 | B14: Matematika | C14: 9 | D14: 80 | E14: 3650 | G14: 8000 | H14: 128 | J14: =F14*E14 -> 0 | K14: =I14*G14 -> 0
A15: 10 | B15: IPA Terpadu | C15: 7 | D15: 128 | E15: 5150 | G15: 8000 | H15: 176 | J15: =F15*E15 -> 0 | K15: =I15*G15 -> 0
A16: 11 | B16: IPA Terpadu | C16: 8 | D16: 128 | E16: 5150 | G16: 8000 | H16: 176 | J16: =F16*E16 -> 0 | K16: =I16*G16 -> 0
A17: 12 | B17: IPA Terpadu | C17: 9 | D17: 128 | E17: 5150 | G17: 8000 | H17: 192 | J17: =F17*E17 -> 0 | K17: =I17*G17 -> 0
... A71: 66 | B71: Prakarya Terpadu | C71: 9 | D71: 80 | E71: 3650 | G71: 8000 | H71: 144 | J71: =F71*E71 -> 0 | K71: =I71*G71 -> 0
A72: 67 | B72: KODING | C72: 7 | D72: 64 | E72: 3350 | G72: 8000
A73: 68 | B73: KODING | C73: 8 | D73: 64 | E73: 3350 | G73: 8000 | J73: =F73*E73 -> 0 | K73: =I73*G73 -> 0
A74: 69 | B74: KODING | C74: 9 | D74: 64 | E74: 3350 | G74: 8000
F75: =SUM(F6:F74) -> 0 | I75: =SUM(I6:I74) -> 0 | J75: =SUM(J6:J73) -> 0 | K75: =SUM(K6:K73) -> 0

Sheet SMA
A1: DAFTAR LKS ZAMRUD SMA | M1: DAFTAR LKS ZAMRUD SMA
A2: =REKAP!A2 -> Smt. 2 Tahun Ajaran 2026 - 2027 | M2: =A2 -> Smt. 2 Tahun Ajaran 2026 - 2027
A3: NAMA : | B3: =REKAP!$J$4 -> 0
A4: No | B4: Bidang Studi Kur. Merdeka | C4: Kls | D4: Hal | E4: Harga | F4: ORDER LKS | G4: Harga PG | H4: Hal PG | I4: PG Beli | M4: No | N4: Bidang Studi Kur. Merdeka | O4: Kls | P4: Hal | Q4: Harga | R4: ORDER LKS | S4: Harga PG | T4: Hal PG | U4: PG Beli
A6: 1 | B6: PPkn [ SMA/SMK ] | C6: 10 | D6: 80 | E6: 3650 | G6: 8000 | H6: 112 | J6: =E6*F6 -> 0 | K6: =G6*I6 -> 0 | M6: 1 | N6: Pendidikan Pancasila SMA/SMK | O6: 12 | P6: 64 | Q6: 3350 | S6: 8000 | V6: =Q6*R6 -> 0 | W6: =Q6*U6 -> 0
A7: 2 | B7: PPkn [ SMA/SMK ] | C7: 11 | D7: 80 | E7: 3650 | G7: 8000 | H7: 112 | J7: =E7*F7 -> 0 | K7: =G7*I7 -> 0 | M7: 2 | N7: Bahasa Indonesia SMA/SMK | O7: 12 | P7: 64 | Q7: 3350 | S7: 8000 | V7: =Q7*R7 -> 0 | W7: =Q7*U7 -> 0
A8: 3 | B8: PPkn [ SMA/SMK ] 1 Tahun | C8: 12 | D8: 128 | E8: 5150 | G8: 8000 | H8: 208 | J8: =E8*F8 -> 0 | K8: =G8*I8 -> 0 | M8: 3 | N8: Matematika SMA/SMK | O8: 12 | P8: 80 | Q8: 3650 | S8: 8000 | V8: =Q8*R8 -> 0 | W8: =Q8*U8 -> 0
A9: 4 | B9: Bahasa Indonesia [ SMA/ SMK ] | C9: 10 | D9: 80 | E9: 3650 | G9: 8000 | H9: 112 | J9: =E9*F9 -> 0 | K9: =G9*I9 -> 0 | M9: 4 | N9: Matematika Tingkat Lanjut SMA | O9: 12 | P9: 80 | Q9: 3650 | S9: 8000 | V9: =Q9*R9 -> 0 | W9: =Q9*U9 -> 0
A10: 5 | B10: Bahasa Indonesia [ SMA/ SMK ] | C10: 11 | D10: 80 | E10: 3650 | G10: 8000 | H10: 112 | J10: =E10*F10 -> 0 | K10: =G10*I10 -> 0 | M10: 5 | N10: Fisika SMA | O10: 12 | P10: 64 | Q10: 3350 | S10: 8000 | V10: =Q10*R10 -> 0 | W10: =Q10*U10 -> 0
A11: 6 | B11: Bahasa Indonesia [ SMA/ SMK ] 1 Tahun | C11: 12 | D11: 128 | E11: 5150 | G11: 8000 | H11: 192 | J11: =E11*F11 -> 0 | K11: =G11*I11 -> 0 | M11: 6 | N11: Biologi SMA | O11: 12 | P11: 64 | Q11: 3350 | S11: 8000 | V11: =Q11*R11 -> 0 | W11: =Q11*U11 -> 0
A12: 7 | B12: Bahasa Indonesia tk. Lanjut [ SMA ] | C12: 11 | D12: 64 | E12: 3350 | G12: 8000 | J12: =E12*F12 -> 0 | K12: =G12*I12 -> 0 | M12: 7 | N12: Kimia SMA | O12: 12 | P12: 64 | Q12: 3350 | S12: 8000 | V12: =Q12*R12 -> 0 | W12: =Q12*U12 -> 0
A13: 8 | B13: Bahasa Indonesia tk. Lanjut [ SMA ] 1 Tahun | C13: 12 | D13: 128 | E13: 5150 | G13: 8000 | J13: =E13*F13 -> 0 | K13: =G13*I13 -> 0 | M13: 8 | N13: Sejarah SMA/SMK | O13: 12 | P13: 64 | Q13: 3350 | S13: 8000 | V13: =Q13*R13 -> 0 | W13: =Q13*U13 -> 0
A14: 9 | B14: Matematika [ SMA / SMK ] | C14: 10 | D14: 80 | E14: 3650 | G14: 8000 | H14: 128 | J14: =E14*F14 -> 0 | K14: =G14*I14 -> 0 | M14: 9 | N14: Sejarah TL SMA | O14: 12 | P14: 64 | Q14: 3350 | S14: 8000 | V14: =Q14*R14 -> 0 | W14: =Q14*U14 -> 0
A15: 10 | B15: Matematika [ SMA / SMK ] | C15: 11 | D15: 80 | E15: 3650 | G15: 8000 | H15: 144 | J15: =E15*F15 -> 0 | K15: =G15*I15 -> 0 | M15: 10 | N15: Ekonomi SMA | O15: 12 | P15: 64 | Q15: 3350 | S15: 8000 | V15: =Q15*R15 -> 0 | W15: =Q15*U15 -> 0
A16: 11 | B16: Matematika [ SMA / SMK ] 1 Tahun | C16: 12 | D16: 128 | E16: 5150 | G16: 8000 | H16: 192 | J16: =E16*F16 -> 0 | K16: =G16*I16 -> 0 | M16: 11 | N16: Geografi SMA | O16: 12 | P16: 64 | Q16: 3350 | S16: 8000 | V16: =Q16*R16 -> 0 | W16: =Q16*U16 -> 0
A17: 12 | B17: Matematika tk. Lanjut [ SMA ] | C17: 11 | D17: 80 | E17: 3650 | G17: 8000 | H17: 144 | J17: =E17*F17 -> 0 | K17: =G17*I17 -> 0 | M17: 12 | N17: Sosiologi SMA | O17: 12 | P17: 64 | Q17: 3350 | S17: 8000 | V17: =Q17*R17 -> 0 | W17: =Q17*U17 -> 0
A18: 13 | B18: Matematika tk. Lanjut [ SMA ] 1 Tahun | C18: 12 | D18: 128 | E18: 5150 | G18: 8000 | H18: 224 | J18: =E18*F18 -> 0 | K18: =G18*I18 -> 0 | M18: 13 | N18: Bahasa Inggris SMA/SMK | O18: 12 | P18: 64 | Q18: 3350 | S18: 8000 | V18: =Q18*R18 -> 0 | W18: =Q18*U18 -> 0
A19: 14 | B19: Fisika [ SMA ] | C19: 10 | D19: 80 | E19: 3650 | G19: 8000 | H19: 112 | J19: =E19*F19 -> 0 | K19: =G19*I19 -> 0 | M19: 14 | N19: B. Inggris Tingkat Lanjut SMA | O19: 12 | P19: 64 | Q19: 3350 | S19: 8000 | V19: =Q19*R19 -> 0 | W19: =Q19*U19 -> 0
A20: 15 | B20: Fisika [ SMA ] | C20: 11 | D20: 80 | E20: 3650 | G20: 8000 | H20: 128 | J20: =E20*F20 -> 0 | K20: =G20*I20 -> 0 | M20: 15 | N20: PJOK SMA/SMK | O20: 12 | P20: 64 | Q20: 3350 | S20: 8000 | V20: =Q20*R20 -> 0 | W20: =Q20*U20 -> 0
A21: 16 | B21: Fisika [ SMA ] 1 Tahun | C21: 12 | D21: 128 | E21: 5150 | G21: 8000 | H21: 224 | J21: =E21*F21 -> 0 | K21: =G21*I21 -> 0 | M21: 16 | N21: Pend. Agama Islam & BP SMA/SMK | O21: 12 | P21: 64 | Q21: 3350 | S21: 8000 | V21: =Q21*R21 -> 0 | W21: =Q21*U21 -> 0
A22: 17 | B22: Biologi [ SMA ] | C22: 10 | D22: 80 | E22: 3650 | G22: 8000 | H22: 112 | J22: =E22*F22 -> 0 | K22: =G22*I22 -> 0 | M22: 17 | N22: Informatika SMA | O22: 12 | P22: 64 | Q22: 3350 | S22: 8000 | V22: =Q22*R22 -> 0 | W22: =Q22*U22 -> 0
A23: 18 | B23: Biologi [ SMA ] | C23: 11 | D23: 80 | E23: 3650 | G23: 8000 | H23: 128 | J23: =E23*F23 -> 0 | K23: =G23*I23 -> 0 | R23: =SUM(R6:R22) -> 0 | U23: =SUM(U6:U22) -> 0 | V23: =SUM(V6:V22) -> 0 | W23: =SUM(W6:W22) -> 0
A24: 19 | B24: Biologi [ SMA ] 1 Tahun | C24: 12 | D24: 128 | E24: 5150 | G24: 8000 | H24: 176 | J24: =E24*F24 -> 0 | K24: =G24*I24 -> 0
A25: 20 | B25: Kimia [ SMA ] | C25: 10 | D25: 80 | E25: 3650 | G25: 8000 | H25: 112 | J25: =E25*F25 -> 0 | K25: =G25*I25 -> 0
A26: 21 | B26: Kimia [ SMA ] | C26: 11 | D26: 80 | E26: 3650 | G26: 8000 | H26: 128 | J26: =E26*F26 -> 0 | K26: =G26*I26 -> 0
A27: 22 | B27: Kimia [ SMA ] 1 Tahun | C27: 12 | D27: 128 | E27: 5150 | G27: 8000 | H27: 176 | J27: =E27*F27 -> 0 | K27: =G27*I27 -> 0
A28: 23 | B28: Sejarah [ SMA ] | C28: 10 | D28: 80 | E28: 3650 | G28: 8000 | H28: 112 | J28: =E28*F28 -> 0 | K28: =G28*I28 -> 0
A29: 24 | B29: Sejarah [ SMA ] | C29: 11 | D29: 80 | E29: 3650 | G29: 8000 | H29: 112 | J29: =E29*F29 -> 0 | K29: =G29*I29 -> 0
A30: 25 | B30: Sejarah [ SMA ] 1 Tahun | C30: 12 | D30: 128 | E30: 5150 | G30: 8000 | H30: 192 | J30: =E30*F30 -> 0 | K30: =G30*I30 -> 0
A31: 26 | B31: Sejarah TL [ SMA ] | C31: 11 | D31: 64 | E31: 3350 | G31: 8000 | H31: 112 | J31: =E31*F31 -> 0 | K31: =G31*I31 -> 0
A32: 27 | B32: Sejarah TL [ SMA ] 1 Tahun | C32: 12 | D32: 128 | E32: 5150 | G32: 8000 | H32: 176 | J32: =E32*F32 -> 0 | K32: =G32*I32 -> 0
A33: 28 | B33: Ekonomi [ SMA ] | C33: 10 | D33: 80 | E33: 3650 | G33: 8000 | H33: 112 | J33: =E33*F33 -> 0 | K33: =G33*I33 -> 0
A34: 29 | B34: Ekonomi [ SMA ] | C34: 11 | D34: 80 | E34: 3650 | G34: 8000 | H34: 128 | J34: =E34*F34 -> 0 | K34: =G34*I34 -> 0
A35: 30 | B35: Ekonomi [ SMA ] 1 Tahun | C35: 12 | D35: 128 | E35: 5150 | G35: 8000 | H35: 176 | J35: =E35*F35 -> 0 | K35: =G35*I35 -> 0
... A41: 36 | B41: Sosiologi [ SMA ] 1 Tahun | C41: 12 | D41: 128 | E41: 5150 | G41: 8000 | H41: 176 | J41: =E41*F41 -> 0 | K41: =G41*I41 -> 0
A42: 37 | B42: Antropologi [ SMA ] | C42: 11 | D42: 64 | E42: 3350 | G42: 8000 | J42: =E42*F42 -> 0 | K42: =G42*I42 -> 0
A43: 38 | B43: Antropologi [ SMA ] 1 Tahun | C43: 12 | D43: 128 | E43: 5150 | G43: 8000 | J43: =E43*F43 -> 0 | K43: =G43*I43 -> 0
A44: 39 | B44: Bahasa Inggris [ SMA ] | C44: 10 | D44: 80 | E44: 3650 | G44: 8000 | H44: 112 | J44: =E44*F44 -> 0 | K44: =G44*I44 -> 0
A45: 40 | B45: Bahasa Inggris [ SMA ] | C45: 11 | D45: 80 | E45: 3650 | G45: 8000 | H45: 112 | J45: =E45*F45 -> 0 | K45: =G45*I45 -> 0
A46: 41 | B46: Bahasa Inggris [ SMA ] 1 Tahun | C46: 12 | D46: 128 | E46: 5150 | G46: 8000 | H46: 176 | J46: =E46*F46 -> 0 | K46: =G46*I46 -> 0
A47: 42 | B47: Bahasa Inggris tk. Lanjut [ SMA ] | C47: 11 | D47: 64 | E47: 3350 | G47: 8000 | H47: 128 | J47: =E47*F47 -> 0 | K47: =G47*I47 -> 0
A48: 43 | B48: Bahasa Inggris tk. Lanjut [ SMA ] 1 Tahun | C48: 12 | D48: 128 | E48: 5150 | G48: 8000 | H48: 176 | J48: =E48*F48 -> 0 | K48: =G48*I48 -> 0
A49: 44 | B49: Penjas [ SMA / SMK ] | C49: 10 | D49: 80 | E49: 3650 | G49: 8000 | H49: 144 | J49: =E49*F49 -> 0 | K49: =G49*I49 -> 0
A50: 45 | B50: Penjas [ SMA / SMK ] | C50: 11 | D50: 80 | E50: 3650 | G50: 8000 | H50: 128 | J50: =E50*F50 -> 0 | K50: =G50*I50 -> 0
A51: 46 | B51: Penjas [ SMA / SMK ] 1 Tahun | C51: 12 | D51: 128 | E51: 5150 | G51: 8000 | H51: 208 | J51: =E51*F51 -> 0 | K51: =G51*I51 -> 0
A52: 47 | B52: Pendidikan Agama Islam [ SMA / SMK ] | C52: 10 | D52: 80 | E52: 3650 | G52: 8000 | H52: 128 | J52: =E52*F52 -> 0 | K52: =G52*I52 -> 0
A53: 48 | B53: Pendidikan Agama Islam [ SMA / SMK ] | C53: 11 | D53: 80 | E53: 3650 | G53: 8000 | H53: 128 | J53: =E53*F53 -> 0 | K53: =G53*I53 -> 0
A54: 49 | B54: Pendidikan Agama Islam [ SMA / SMK ] 1 Tahun | C54: 12 | D54: 128 | E54: 5150 | G54: 8000 | H54: 208 | J54: =E54*F54 -> 0 | K54: =G54*I54 -> 0
A55: 50 | B55: Seni Musik [ SMA / SMK ] | C55: 10 | D55: 64 | E55: 3350 | G55: 8000 | H55: 112 | J55: =E55*F55 -> 0 | K55: =G55*I55 -> 0
... A63: 58 | B63: Seni Tari [ SMA ] 1 Tahun | C63: 12 | D63: 128 | E63: 5150 | G63: 8000 | H63: 176 | J63: =E63*F63 -> 0 | K63: =G63*I63 -> 0
A64: 59 | B64: Seni Teater [ SMA / SMK ] | C64: 10 | D64: 64 | E64: 3350 | G64: 8000 | J64: =E64*F64 -> 0 | K64: =G64*I64 -> 0
A65: 60 | B65: Seni Teater [ SMA ] | C65: 11 | D65: 64 | E65: 3350 | G65: 8000 | J65: =E65*F65 -> 0 | K65: =G65*I65 -> 0
A66: 61 | B66: Seni Teater [ SMA ] 1 Tahun | C66: 12 | D66: 128 | E66: 5150 | G66: 8000 | J66: =E66*F66 -> 0 | K66: =G66*I66 -> 0
A67: 62 | B67: Prakarya & KWU - Budidaya | C67: 10 | D67: 64 | E67: 3350 | G67: 8000 | J67: =E67*F67 -> 0 | K67: =G67*I67 -> 0
A68: 63 | B68: Prakarya & KWU - Budidaya | C68: 11 | D68: 64 | E68: 3350 | G68: 8000 | J68: =E68*F68 -> 0 | K68: =G68*I68 -> 0
A69: 64 | B69: Prakarya & KWU - Budidaya 1 Tahun | C69: 12 | D69: 128 | E69: 5150 | G69: 8000 | J69: =E69*F69 -> 0 | K69: =G69*I69 -> 0
A70: 65 | B70: Prakarya & KWU - Kerajinan | C70: 10 | D70: 64 | E70: 3350 | G70: 8000 | H70: 112 | J70: =E70*F70 -> 0 | K70: =G70*I70 -> 0
A71: 66 | B71: Prakarya & KWU - Kerajinan | C71: 11 | D71: 64 | E71: 3350 | G71: 8000 | H71: 128 | J71: =E71*F71 -> 0 | K71: =G71*I71 -> 0
A72: 67 | B72: Prakarya & KWU - Kerajinan 1 Tahun | C72: 12 | D72: 128 | E72: 5150 | G72: 8000 | H72: 176 | J72: =E72*F72 -> 0 | K72: =G72*I72 -> 0
A73: 68 | B73: Prakarya & KWU - Pengolahan | C73: 10 | D73: 64 | E73: 3350 | G73: 8000 | H73: 112 | J73: =E73*F73 -> 0 | K73: =G73*I73 -> 0
A74: 69 | B74: Prakarya & KWU - Pengolahan | C74: 11 | D74: 64 | E74: 3350 | G74: 8000 | H74: 112 | J74: =E74*F74 -> 0 | K74: =G74*I74 -> 0
A75: 70 | B75: Prakarya & KWU - Pengolahan 1 Tahun | C75: 12 | D75: 128 | E75: 5150 | G75: 8000 | H75: 192 | J75: =E75*F75 -> 0 | K75: =G75*I75 -> 0
A76: 71 | B76: Prakarya & KWU - Rekayasa | C76: 10 | D76: 64 | E76: 3350 | G76: 8000 | J76: =E76*F76 -> 0 | K76: =G76*I76 -> 0
A77: 72 | B77: Prakarya & KWU - Rekayasa | C77: 11 | D77: 64 | E77: 3350 | G77: 8000 | J77: =E77*F77 -> 0 | K77: =G77*I77 -> 0
A78: 73 | B78: Prakarya & KWU - Rekayasa 1 Tahun | C78: 12 | D78: 128 | E78: 5150 | G78: 8000 | J78: =E78*F78 -> 0 | K78: =G78*I78 -> 0
A79: 74 | B79: Bahasa Jawa Tengah | C79: 10 | D79: 64 | E79: 3350 | G79: 8000 | H79: 112 | J79: =E79*F79 -> 0 | K79: =G79*I79 -> 0
A80: 75 | B80: Bahasa Jawa Tengah | C80: 11 | D80: 64 | E80: 3350 | G80: 8000 | H80: 128 | J80: =E80*F80 -> 0 | K80: =G80*I80 -> 0
A81: 76 | B81: Bahasa Jawa Tengah 1 Tahun | C81: 12 | D81: 128 | E81: 5150 | G81: 8000 | H81: 208 | J81: =E81*F81 -> 0 | K81: =G81*I81 -> 0
A82: 77 | B82: Informatika [ SMA ] | C82: 10 | D82: 80 | E82: 3650 | G82: 8000 | H82: 128 | J82: =E82*F82 -> 0 | K82: =G82*I82 -> 0
A83: 78 | B83: Informatika [ SMA ] | C83: 11 | D83: 80 | E83: 3650 | G83: 8000 | H83: 112 | J83: =E83*F83 -> 0 | K83: =G83*I83 -> 0
A84: 79 | B84: Informatika [ SMA ] 1 Tahun | C84: 12 | D84: 128 | E84: 5150 | G84: 8000 | H84: 176 | J84: =E84*F84 -> 0 | K84: =G84*I84 -> 0
A85: 80 | B85: Bim. Konseling Merdeka | C85: 10 | D85: 64 | E85: 3350 | G85: 8000 | H85: 112 | J85: =E85*F85 -> 0 | K85: =G85*I85 -> 0
A86: 81 | B86: Bim. Konseling Merdeka | C86: 11 | D86: 64 | E86: 3350 | G86: 8000 | H86: 112 | J86: =E86*F86 -> 0 | K86: =G86*I86 -> 0
A87: 82 | B87: Bim. Konseling Merdeka 1 Tahun | C87: 12 | D87: 128 | E87: 5150 | G87: 8000 | H87: 192 | J87: =E87*F87 -> 0 | K87: =G87*I87 -> 0
A88: 83 | B88: Bahasa Jawa Timur Merdeka | C88: 10 | D88: 64 | E88: 3350 | G88: 8000 | H88: 80 | J88: =E88*F88 -> 0 | K88: =G88*I88 -> 0
A89: 84 | B89: Bahasa Jawa Timur Merdeka | C89: 11 | D89: 64 | E89: 3350 | G89: 8000 | H89: 96 | J89: =E89*F89 -> 0 | K89: =G89*I89 -> 0
A90: 85 | B90: Bahasa Jawa Timur Merdeka 1 Tahun | C90: 12 | D90: 128 | E90: 5150 | G90: 8000 | H90: 176 | J90: =E90*F90 -> 0 | K90: =G90*I90 -> 0
A91: 86 | B91: Seni Terpadu | C91: 10 | D91: 80 | E91: 3650 | G91: 8000 | J91: =E91*F91 -> 0 | K91: =G91*I91 -> 0
A92: 87 | B92: Seni Terpadu | C92: 11 | D92: 80 | E92: 3650 | G92: 8000 | J92: =E92*F92 -> 0 | K92: =G92*I92 -> 0
A93: 88 | B93: Seni Terpadu | C93: 12 | D93: 112 | E93: 4350 | G93: 8000 | J93: =E93*F93 -> 0 | K93: =G93*I93 -> 0
A94: 89 | B94: Prakarya Terpadu | C94: 10 | D94: 80 | E94: 3650 | G94: 8000 | J94: =E94*F94 -> 0 | K94: =G94*I94 -> 0
A95: 90 | B95: Prakarya Terpadu | C95: 11 | D95: 80 | E95: 3650 | G95: 8000 | J95: =E95*F95 -> 0 | K95: =G95*I95 -> 0
A96: 91 | B96: Prakarya Terpadu | C96: 12 | D96: 112 | E96: 4350 | G96: 8000 | J96: =E96*F96 -> 0 | K96: =G96*I96 -> 0
A97: 92 | B97: Koding | C97: 10 | D97: 80 | E97: 3650 | G97: 8000 | J97: =E97*F97 -> 0 | K97: =G97*I97 -> 0
A98: 92 | B98: Koding | C98: 11 | D98: 80 | E98: 3650 | G98: 8000
A99: 93 | B99: KODING SMA 1 th | C99: 12 | D99: 118 | E99: 5150 | G99: 8000 | J99: =E99*F99 -> 0 | K99: =G99*I99 -> 0
F100: =SUM(F6:F99) -> 0 | I100: =SUM(I6:I99) -> 0 | J100: =SUM(J6:J99) -> 0 | K100: =SUM(K6:K99) -> 0 | X100: =F100+R23 -> 0 | Y100: =I100+U23 -> 0

Sheet SMK
A1: ZAMRUD ESTIMASI SMK
A2: =REKAP!A2 -> Smt. 2 Tahun Ajaran 2026 - 2027
A3: NAMA : | B3: =REKAP!$J$4 -> 0
A4: No | B4: Bidang Studi KUR. MERDEKA | C4: Kode | D4: Kelas | E4: Hal | F4: Harga | G4: ORDER LKS | H4: Harga PG | I4: PG Beli
A6: 1 | B6: Informatika SMK | D6: 10 | E6: 80 | F6: 3650 | H6: 8000 | J6: =F6*G6 -> 0 | K6: =I6*H6 -> 0
A7: 2 | B7: IPAS [SMK] / 1 tahun | D7: 10 | E7: 144 | F7: 5750 | H7: 8000 | J7: =F7*G7 -> 0 | K7: =I7*H7 -> 0
A8: 3 | B8: Sejarah [ SMK ] | D8: 10 | E8: 64 | F8: 3650 | H8: 8000 | J8: =F8*G8 -> 0 | K8: =I8*H8 -> 0
A9: 4 | B9: Sejarah [ SMK ] | D9: 11 | E9: 64 | F9: 3650 | H9: 8000 | J9: =F9*G9 -> 0 | K9: =I9*H9 -> 0
A10: 5 | B10: Sejarah [ SMK ] / 1 tahun | D10: 12 | E10: 128 | F10: 5150 | H10: 8000 | J10: =F10*G10 -> 0 | K10: =I10*H10 -> 0
A11: 6 | B11: Koding SMK | D11: 10 | E11: 64 | F11: 3350 | H11: 8000 | J11: =F11*G11 -> 0 | K11: =I11*H11 -> 0
A12: 7 | B12: Koding SMK | D12: 11 | E12: 64 | F12: 3350 | H12: 8000 | J12: =F12*G12 -> 0
A13: 8 | B13: Koding SMK - 1 tahun | D13: 12 | E13: 128 | F13: 5150 | H13: 8000 | J13: =F13*G13 -> 0
A14: INTENS SMK
A15: 7 | B15: IPAS Rumpun Bisnis | C15: 1 | D15: 10 | E15: 144 | F15: 5750 | H15: 10000 | J15: =F15*G15 -> 0 | K15: =I15*H15 -> 0
A16: 8 | B16: IPAS Rumpun Kesehatan | C16: 2 | D16: 10 | E16: 144 | F16: 5750 | H16: 10000 | J16: =F16*G16 -> 0 | K16: =I16*H16 -> 0
A17: 9 | B17: IPAS Rumpun Teknologi | C17: 3 | D17: 10 | E17: 144 | F17: 5750 | H17: 10000 | J17: =F17*G17 -> 0 | K17: =I17*H17 -> 0
A18: 10 | B18: Akuntansi dan Keuangan Lembaga | C18: 4 | D18: 10 | E18: 144 | F18: 5750 | H18: 10000 | J18: =F18*G18 -> 0 | K18: =I18*H18 -> 0
A19: 11 | B19: Desain Komunikasi Visual | C19: 5 | D19: 10 | E19: 144 | F19: 5750 | H19: 10000 | J19: =F19*G19 -> 0 | K19: =I19*H19 -> 0
A20: 12 | B20: Manajemen Perkantoran dan Layanan Bisnis | C20: 6 | D20: 10 | E20: 144 | F20: 5750 | H20: 10000 | J20: =F20*G20 -> 0 | K20: =I20*H20 -> 0
A21: 13 | B21: Pemasaran | C21: 7 | D21: 10 | E21: 144 | F21: 5750 | H21: 10000 | J21: =F21*G21 -> 0 | K21: =I21*H21 -> 0
A22: 14 | B22: Pengembangan Perangkat Lunak dan Gim | C22: 8 | D22: 10 | E22: 144 | F22: 5750 | H22: 10000 | J22: =F22*G22 -> 0 | K22: =I22*H22 -> 0
A23: 15 | B23: Perhotelan | C23: 9 | D23: 10 | E23: 144 | F23: 5750 | H23: 10000 | J23: =F23*G23 -> 0 | K23: =I23*H23 -> 0
A24: 16 | B24: Seni Rupa | C24: 10 | D24: 10 | E24: 128 | F24: 5150 | H24: 10000 | J24: =F24*G24 -> 0 | K24: =I24*H24 -> 0
A25: 17 | B25: Teknik Jaringan Komputer dan Telekomunikasi | C25: 11 | D25: 10 | E25: 144 | F25: 5750 | H25: 10000 | J25: =F25*G25 -> 0 | K25: =I25*H25 -> 0
A26: 18 | B26: Teknik Mesin | C26: 12 | D26: 10 | E26: 144 | F26: 5750 | H26: 10000 | J26: =F26*G26 -> 0 | K26: =I26*H26 -> 0
A27: 19 | B27: Teknik Otomotif | C27: 13 | D27: 10 | E27: 144 | F27: 5750 | H27: 10000 | J27: =F27*G27 -> 0 | K27: =I27*H27 -> 0
J28: =F28*G28 -> 0 | K28: =I28*H28 -> 0
G29: =SUM(G6:G28) -> 0 | I29: =SUM(I6:I28) -> 0 | J29: =SUM(J6:J28) -> 0 | K29: =SUM(K6:K28) -> 0
G45: =SUM(G6:G44) -> 0 | I45: =SUM(I6:I44) -> 0

Sheet PROD
A1: ZAMRUD PRODUKTIF KURMER
A2: NAMA : | B2: =REKAP!$J$4 -> 0 | H2: MERDEKA
A3: No | D3: Jumlah Halaman | E3: Finishing | F3: Harga | G3: ORDER LKS | H3: Harga PG | I3: PG BELI
A4: 1 | B4: KREATIVITAS, INOVASI, DAN KEWIRAUSAHAAN | D4: 144 | E4: BENDING | F4: 5750 | H4: 10000 | J4: =F4*G4 -> 0 | K4: =H4*I4 -> 0
A5: 2 | B5: 2.1.1 Teknik Pemesinan | C5: Gambar Teknik Manufaktur | D5: 144 | E5: BENDING | F5: 5750 | H5: 10000 | J5: =F5*G5 -> 0 | K5: =H5*I5 -> 0
A6: 3 | C6: Teknik Pemesinan Bubut | D6: 144 | E6: BENDING | F6: 5750 | H6: 10000 | J6: =F6*G6 -> 0 | K6: =H6*I6 -> 0
A7: 4 | C7: Teknik Pemesinan frais | D7: 144 | E7: BENDING | F7: 5750 | H7: 10000 | J7: =F7*G7 -> 0 | K7: =H7*I7 -> 0
A8: 5 | C8: Teknik Pemesinan Gerinda | D8: 144 | E8: BENDING | F8: 5750 | H8: 10000 | J8: =F8*G8 -> 0 | K8: =H8*I8 -> 0
A9: 6 | C9: Teknik Pemesinan Nonkonvensional | D9: 144 | E9: BENDING | F9: 5750 | H9: 10000 | J9: =F9*G9 -> 0 | K9: =H9*I9 -> 0
A10: 7 | B10: 2.1.4 Desain Gambar Mesin | C10: Gambar Teknik Mesin (2024) | E10: BENDING | F10: 5750 | H10: 10000 | J10: =F10*G10 -> 0 | K10: =H10*I10 -> 0
A11: 8 | C11: Pekerjaan Dasar Teknik Mesin (2024) | E11: BENDING | F11: 5750 | H11: 10000 | J11: =F11*G11 -> 0 | K11: =H11*I11 -> 0
A12: 9 | C12: Dasar Perancangan Teknik Mesin (2024) | E12: BENDING | F12: 5750 | H12: 10000 | J12: =F12*G12 -> 0 | K12: =H12*I12 -> 0
A13: 10 | C13: Teknik Gambar Konstruksi | E13: BENDING | F13: 5750 | H13: 10000 | J13: =F13*G13 -> 0 | K13: =H13*I13 -> 0
A14: 11 | C14: Teknik Gambar Produksi | E14: BENDING | F14: 5750 | H14: 10000 | J14: =F14*G14 -> 0 | K14: =H14*I14 -> 0
A15: 12 | C15: Teknik Merancang dengan CAM | E15: BENDING | F15: 5750 | H15: 10000 | J15: =F15*G15 -> 0 | K15: =H15*I15 -> 0
A16: 13 | B16: KREATIVITAS, INOVASI, DAN KEWIRAUSAHAAN | E16: BENDING | F16: 5750 | H16: 10000 | J16: =F16*G16 -> 0 | K16: =H16*I16 -> 0
A17: 14 | B17: 2.2.1 Teknik Kendaraan Ringan | C17: Konversi Energi Kendaraan Ringan | D17: 144 | E17: BENDING | F17: 5750 | H17: 10000 | J17: =F17*G17 -> 0 | K17: =H17*I17 -> 0
A18: 15 | C18: Proses Pelayanan dan Manajemen Bengkel Kendaraan Ringan | D18: 144 | E18: BENDING | F18: 5750 | H18: 10000 | J18: =F18*G18 -> 0 | K18: =H18*I18 -> 0
A19: 16 | C19: Prosedur Penggunaan Kendaraan Ringan | D19: 144 | E19: BENDING | F19: 5750 | H19: 10000 | J19: =F19*G19 -> 0 | K19: =H19*I19 -> 0
A20: 17 | C20: Perawatan Berkala Kendaraan Ringan | D20: 144 | E20: BENDING | F20: 5750 | H20: 10000 | J20: =F20*G20 -> 0 | K20: =H20*I20 -> 0
A21: 18 | C21: Sistem Engine Kendaraan Ringan | D21: 144 | E21: BENDING | F21: 5750 | H21: 10000 | J21: =F21*G21 -> 0 | K21: =H21*I21 -> 0
A22: 19 | C22: Sistem Pemindah Tenaga Kendaraan Ringan | D22: 144 | E22: BENDING | F22: 5750 | H22: 10000 | J22: =F22*G22 -> 0 | K22: =H22*I22 -> 0
A23: 20 | C23: Sistem Sasis Kendaraan Ringan | D23: 144 | E23: BENDING | F23: 5750 | H23: 10000 | J23: =F23*G23 -> 0 | K23: =H23*I23 -> 0
A24: 21 | C24: Sistem Elektrikal Kendaraan Ringan | D24: 144 | E24: BENDING | F24: 5750 | H24: 10000 | J24: =F24*G24 -> 0 | K24: =H24*I24 -> 0
A25: 22 | C25: Sistem Pengaman dan Sistem Kontrol Elektronik Kendaraan Ringan (2024) | D25: 144 | E25: BENDING | F25: 5750 | H25: 10000 | J25: =F25*G25 -> 0 | K25: =H25*I25 -> 0
A26: 23 | B26: 2.2.2 Teknik Sepeda Motor | C26: Perawatan dan Perbaikan Engine Sepeda Motor | D26: 144 | E26: BENDING | F26: 5750 | H26: 10000 | J26: =F26*G26 -> 0 | K26: =H26*I26 -> 0
A27: 24 | C27: Perawatan dan Perbaikan Sasis Sepeda Motor | D27: 144 | E27: BENDING | F27: 5750 | H27: 10000 | J27: =F27*G27 -> 0 | K27: =H27*I27 -> 0
A28: 25 | C28: Perawatan dan Perbaikan Sistem Pemindah Tenaga Sepeda Motor | D28: 144 | E28: BENDING | F28: 5750 | H28: 10000 | J28: =F28*G28 -> 0 | K28: =H28*I28 -> 0
A29: 26 | C29: Perawatan dan Perbaikan Sistem Kelistrikan Sepeda Motor | D29: 144 | E29: BENDING | F29: 5150 | H29: 10000 | J29: =F29*G29 -> 0 | K29: =H29*I29 -> 0
A30: 27 | C30: Perawatan dan Perbaikan Sepeda Motor Listrik dan Hybrid | D30: 144 | E30: BENDING | F30: 5150 | H30: 10000 | J30: =F30*G30 -> 0 | K30: =H30*I30 -> 0
A31: 28 | C31: Perawatan dan Perbaikan Engine Management System Sepeda Motor | D31: 144 | E31: BENDING | F31: 5150 | H31: 10000 | J31: =F31*G31 -> 0 | K31: =H31*I31 -> 0
A32: 29 | C32: Pengelolaan Bengkel Sepeda Motor | D32: 144 | E32: BENDING | F32: 5150 | H32: 10000 | J32: =F32*G32 -> 0 | K32: =H32*I32 -> 0
A33: 30 | B33: KREATIVITAS, INOVASI, DAN KEWIRAUSAHAAN | D33: 128 | E33: BENDING | F33: 5150 | H33: 10000 | J33: =F33*G33 -> 0 | K33: =H33*I33 -> 0
A34: 31 | B34: 4.1.1 Rekayasa Perangkat Lunak | C34: Basis Data | D34: 144 | E34: BENDING | F34: 4850 | H34: 10000 | J34: =F34*G34 -> 0 | K34: =H34*I34 -> 0
A35: 32 | C35: Pemrograman Berbasis Teks, Grafis, dan Multimedia | D35: 144 | E35: BENDING | F35: 4850 | H35: 10000 | J35: =F35*G35 -> 0 | K35: =H35*I35 -> 0
A36: 33 | C36: Pemrograman Web | D36: 144 | E36: BENDING | F36: 4850 | H36: 10000 | J36: =F36*G36 -> 0 | K36: =H36*I36 -> 0
A37: 34 | C37: Pemrograman Perangkat Bergerak | D37: 144 | E37: BENDING | F37: 4850 | H37: 10000 | J37: =F37*G37 -> 0 | K37: =H37*I37 -> 0
A38: 35 | B38: KREATIVITAS, INOVASI, DAN KEWIRAUSAHAAN | D38: 128 | E38: BENDING | F38: 4850 | H38: 10000 | J38: =F38*G38 -> 0 | K38: =H38*I38 -> 0
A39: 36 | B39: 4.2.1 Teknik Komputer dan Jaringan | C39: Perencanaan dan Pengalamatan Jaringan | D39: 128 | E39: BENDING | F39: 4850 | H39: 10000 | J39: =F39*G39 -> 0 | K39: =H39*I39 -> 0
A40: 37 | C40: Teknologi Jaringan Kabel dan Nirkabel | D40: 128 | E40: BENDING | F40: 4850 | H40: 10000 | J40: =F40*G40 -> 0 | K40: =H40*I40 -> 0
A41: 38 | C41: Keamanan Jaringan | D41: 128 | E41: BENDING | F41: 4850 | H41: 10000 | J41: =F41*G41 -> 0 | K41: =H41*I41 -> 0
A42: 39 | C42: Pemasangan dan Konfigurasi Perangkat Jaringan | D42: 128 | E42: BENDING | F42: 4850 | H42: 10000 | J42: =F42*G42 -> 0 | K42: =H42*I42 -> 0
A43: 40 | C43: Administrasi Sistem Jaringan | D43: 128 | E43: BENDING | F43: 4850 | H43: 10000 | J43: =F43*G43 -> 0 | K43: =H43*I43 -> 0
A44: 41 | B44: KREATIVITAS, INOVASI, DAN KEWIRAUSAHAAN | D44: 112 | E44: BENDING | F44: 4850 | H44: 10000 | J44: =F44*G44 -> 0 | K44: =H44*I44 -> 0
A45: 42 | B45: 8.2.1 Manajemen Perkantoran | C45: Pengelolaan administrasi umum | D45: 112 | E45: BENDING | F45: 4850 | H45: 10000 | J45: =F45*G45 -> 0 | K45: =H45*I45 -> 0
A46: 43 | C46: Komunikasi di tempat kerja | D46: 112 | E46: BENDING | F46: 4850 | H46: 10000 | J46: =F46*G46 -> 0 | K46: =H46*I46 -> 0
A47: 44 | C47: Pengelolaan kearsipan | D47: 112 | E47: BENDING | F47: 4850 | H47: 10000 | J47: =F47*G47 -> 0 | K47: =H47*I47 -> 0
A48: 45 | C48: Teknologi Perkantoran | D48: 112 | E48: BENDING | F48: 4850 | H48: 10000 | J48: =F48*G48 -> 0 | K48: =H48*I48 -> 0
A49: 46 | C49: Pengelolaan rapat/pertemuan | D49: 112 | E49: BENDING | F49: 4850 | H49: 10000 | J49: =F49*G49 -> 0 | K49: =H49*I49 -> 0
A50: 47 | C50: Pengelolaan keuangan sederhana (2024) | D50: 112 | E50: BENDING | F50: 4850 | H50: 10000 | J50: =F50*G50 -> 0 | K50: =H50*I50 -> 0
A51: 48 | C51: Pengelolaan sumber daya manusia (2024) | D51: 112 | E51: BENDING | F51: 4850 | H51: 10000 | J51: =F51*G51 -> 0 | K51: =H51*I51 -> 0
A52: 49 | C52: Pengelolaan sarana dan prasarana (2024) | D52: 112 | E52: BENDING | F52: 4850 | H52: 10000 | J52: =F52*G52 -> 0 | K52: =H52*I52 -> 0
A53: 50 | C53: Pengelolaan humas dan keprotokolan (2024) | D53: 112 | E53: BENDING | F53: 4850 | H53: 10000 | J53: =F53*G53 -> 0 | K53: =H53*I53 -> 0
A54: 51 | C54: Pelayanan Kepada Kolega dan Pelanggan | D54: 112 | E54: BENDING | F54: 4850 | H54: 10000 | J54: =F54*G54 -> 0 | K54: =H54*I54 -> 0
A55: 52 | B55: KREATIVITAS, INOVASI, DAN KEWIRAUSAHAAN | D55: 128 | E55: BENDING | F55: 4850 | H55: 10000 | J55: =F55*G55 -> 0 | K55: =H55*I55 -> 0
A56: 53 | B56: 8.3.3 Akuntansi | C56: Akuntansi perusahaan jasa, dagang dan manufaktur | D56: 128 | E56: BENDING | F56: 4850 | H56: 10000 | J56: =F56*G56 -> 0 | K56: =H56*I56 -> 0
A57: 54 | C57: Akuntansi lembaga/instansi pemerintah | D57: 128 | E57: BENDING | F57: 4850 | H57: 10000 | J57: =F57*G57 -> 0 | K57: =H57*I57 -> 0
A58: 55 | C58: Akuntansi keuangan | D58: 128 | E58: BENDING | F58: 4850 | H58: 10000 | J58: =F58*G58 -> 0 | K58: =H58*I58 -> 0
A59: 56 | C59: Komputer akuntansi | D59: 128 | E59: BENDING | F59: 4850 | H59: 10000 | J59: =F59*G59 -> 0 | K59: =H59*I59 -> 0
A60: 57 | C60: Perpajakan | D60: 128 | E60: BENDING | F60: 4850 | H60: 10000 | J60: =F60*G60 -> 0 | K60: =H60*I60 -> 0
A61: 58 | B61: KREATIVITAS, INOVASI, DAN KEWIRAUSAHAAN | E61: BENDING | F61: 4850 | H61: 10000 | J61: =F61*G61 -> 0 | K61: =H61*I61 -> 0
A62: 59 | B62: 10.2.1 Desain Komunikasi Visual | C62: Prinsip Dasar Desain dan Komunikasi (2024) | E62: BENDING | F62: 4850 | H62: 10000 | J62: =F62*G62 -> 0 | K62: =H62*I62 -> 0
A63: 60 | C63: Perangkat Lunak Desain | D63: 128 | E63: BENDING | F63: 5150 | H63: 10000 | J63: =F63*G63 -> 0 | K63: =H63*I63 -> 0
A64: 61 | C64: Menerapkan Design Brief | D64: 128 | E64: BENDING | F64: 5150 | H64: 10000 | J64: =F64*G64 -> 0 | K64: =H64*I64 -> 0
A65: 62 | C65: Karya Desain | E65: BENDING | F65: 5150 | H65: 10000 | J65: =F65*G65 -> 0 | K65: =H65*I65 -> 0
A66: 63 | C66: Proses Produksi Desain | D66: 128 | E66: BENDING | F66: 5150 | H66: 10000 | J66: =F66*G66 -> 0 | K66: =H66*I66 -> 0
A67: 64 | B67: 10.2.2 Teknik Grafika | C67: Teknik dasar proses produksi (2024) | E67: BENDING | F67: 5150 | H67: 10000 | J67: =F67*G67 -> 0 | K67: =H67*I67 -> 0
A68: 65 | C68: Desain Siap Cetak Berbagai Jenis Produk Cetakan | E68: BENDING | F68: 5150 | H68: 10000 | J68: =F68*G68 -> 0 | K68: =H68*I68 -> 0
A69: 66 | C69: Perhitungan biaya produksi produk cetakan | E69: BENDING | F69: 5150 | H69: 10000 | J69: =F69*G69 -> 0 | K69: =H69*I69 -> 0
A70: 67 | C70: Proses Pekerjaan Berbagai Teknik Cetak | E70: BENDING | F70: 5150 | H70: 10000 | J70: =F70*G70 -> 0 | K70: =H70*I70 -> 0
A71: 68 | C71: Proses Pekerjaan Purna Cetak | E71: BENDING | F71: 5150 | H71: 10000 | J71: =F71*G71 -> 0 | K71: =H71*I71 -> 0
G72: =SUM(G4:G71) -> 0 | I72: =SUM(I4:I71) -> 0 | J72: =SUM(J4:J71) -> 0 | K72: =SUM(K4:K71) -> 0

Sheet MADRASAH
A1: DAFTAR ESTIMASI ZAMRUD MADRASAH
A2: =REKAP!A2 -> Smt. 2 Tahun Ajaran 2026 - 2027 | G2: MERDEKA
A3: NAMA : | B3: =REKAP!$J$4 -> 0
A4: No | B4: BIDANG STUDY KUR 13 | C4: Kls | D4: TINGKAT | E4: Hal | F4: Harga | G4: ORDER LKS | H4: Harga PG | I4: Hal PG | J4: PG Beli
A6: 1 | B6: Fajar (MI Terpadu) | C6: 1 | D6: MI | E6: 112 | F6: 4350 | H6: 9000 | K6: =G6*F6 -> 0 | L6: =J6*H6 -> 0
A7: 2 | B7: Fajar (MI Terpadu) | C7: 2 | D7: MI | E7: 112 | F7: 4350 | H7: 9000 | K7: =G7*F7 -> 0 | L7: =J7*H7 -> 0
A8: 3 | B8: Fajar (MI Terpadu) | C8: 3 | D8: MI | E8: 112 | F8: 4350 | H8: 9000 | K8: =G8*F8 -> 0 | L8: =J8*H8 -> 0
A9: 4 | B9: Fajar (MI Terpadu) | C9: 4 | D9: MI | E9: 112 | F9: 4350 | H9: 9000 | K9: =G9*F9 -> 0 | L9: =J9*H9 -> 0
A10: 5 | B10: Fajar (MI Terpadu) | C10: 5 | D10: MI | E10: 112 | F10: 4350 | H10: 9000 | K10: =G10*F10 -> 0 | L10: =J10*H10 -> 0
A11: 6 | B11: Fajar (MI Terpadu) | C11: 6 | D11: MI | E11: 112 | F11: 4350 | H11: 9000 | K11: =G11*F11 -> 0 | L11: =J11*H11 -> 0
A12: 7 | B12: Alquran Hadis | C12: 1 | D12: MI | E12: 64 | F12: 3350 | H12: 8000 | I12: 80 | K12: =G12*F12 -> 0 | L12: =J12*H12 -> 0
A13: 8 | B13: Alquran Hadis | C13: 2 | D13: MI | E13: 64 | F13: 3350 | H13: 8000 | I13: 80 | K13: =G13*F13 -> 0 | L13: =J13*H13 -> 0
A14: 9 | B14: Alquran Hadis | C14: 3 | D14: MI | E14: 64 | F14: 3350 | H14: 8000 | I14: 96 | K14: =G14*F14 -> 0 | L14: =J14*H14 -> 0
A15: 10 | B15: Alquran Hadis | C15: 4 | D15: MI | E15: 64 | F15: 3350 | H15: 8000 | I15: 96 | K15: =G15*F15 -> 0 | L15: =J15*H15 -> 0
A16: 11 | B16: Alquran Hadis | C16: 5 | D16: MI | E16: 64 | F16: 3350 | H16: 8000 | I16: 80 | K16: =G16*F16 -> 0 | L16: =J16*H16 -> 0
A17: 12 | B17: Alquran Hadis | C17: 6 | D17: MI | E17: 64 | F17: 3350 | H17: 8000 | I17: 96 | K17: =G17*F17 -> 0 | L17: =J17*H17 -> 0
A18: 13 | B18: Fikih | C18: 1 | D18: MI | E18: 64 | F18: 3350 | H18: 8000 | I18: 80 | K18: =G18*F18 -> 0 | L18: =J18*H18 -> 0
A19: 14 | B19: Fikih | C19: 2 | D19: MI | E19: 64 | F19: 3350 | H19: 8000 | I19: 80 | K19: =G19*F19 -> 0 | L19: =J19*H19 -> 0
A20: 15 | B20: Fikih | C20: 3 | D20: MI | E20: 64 | F20: 3350 | H20: 8000 | I20: 80 | K20: =G20*F20 -> 0 | L20: =J20*H20 -> 0
A21: 16 | B21: Fikih | C21: 4 | D21: MI | E21: 64 | F21: 3350 | H21: 8000 | I21: 80 | K21: =G21*F21 -> 0 | L21: =J21*H21 -> 0
A22: 17 | B22: Fikih | C22: 5 | D22: MI | E22: 64 | F22: 3350 | H22: 8000 | I22: 96 | K22: =G22*F22 -> 0 | L22: =J22*H22 -> 0
A23: 18 | B23: Fikih | C23: 6 | D23: MI | E23: 64 | F23: 3350 | H23: 8000 | I23: 80 | K23: =G23*F23 -> 0 | L23: =J23*H23 -> 0
... A69: 64 | B69: Bahasa Arab | C69: 12 | D69: MA | E69: 64 | F69: 3350 | H69: 8000 | I69: 96 | K69: =G69*F69 -> 0 | L69: =J69*H69 -> 0
G70: =SUM(G6:G69) -> 0 | J70: =SUM(J6:J69) -> 0 | K70: =SUM(K6:K69) -> 0 | L70: =SUM(L6:L69) -> 0

Sheet TKA
A1: DAFTAR BUKU TES KEMAMPUAN AKADEMIS ZAMRUD
A2: =REKAP!A2 -> Smt. 2 Tahun Ajaran 2026 - 2027
A3: NAMA : | B3: =REKAP!$J$4 -> 0
A4: No | B4: Tingkat | C4: Bidang | D4: Kls | E4: Hal | F4: Harga | G4: ORDER | H4: Harga PG | I4: PG BELI
A5: 1 | B5: SD/MI | C5: TKA SD TERPADU | D5: 6 | E5: 160 | F5: 7000 | H5: 15000 | J5: =F5*G5 -> 0 | K5: =I5*H5 -> 0
A6: 2 | C6: TKA SD Bahasa Indonesia | D6: 6 | E6: 128 | F6: 6000 | H6: 10000 | J6: =F6*G6 -> 0 | K6: =I6*H6 -> 0
A7: 3 | C7: TKA SD Matematika | D7: 6 | E7: 128 | F7: 6000 | H7: 10000 | J7: =F7*G7 -> 0 | K7: =I7*H7 -> 0
A8: 4 | B8: SMP/MTS | C8: TKA SMP Bahasa Indonesia | D8: 9 | E8: 144 | F8: 6600 | H8: 10000 | J8: =F8*G8 -> 0 | K8: =I8*H8 -> 0
A9: 5 | C9: TKA SMP Matematika | D9: 9 | E9: 144 | F9: 6600 | H9: 10000 | J9: =F9*G9 -> 0 | K9: =I9*H9 -> 0
A10: 6 | B10: SMA-SMK/MA | C10: TKA SMA Pendidikan Pancasila | D10: 12 | E10: 144 | F10: 6600 | H10: 10000 | J10: =F10*G10 -> 0 | K10: =I10*H10 -> 0
A11: 7 | C11: TKA SMA Bahasa Indonesia | D11: 12 | E11: 144 | F11: 6600 | H11: 10000 | J11: =F11*G11 -> 0 | K11: =I11*H11 -> 0
A12: 8 | C12: TKA SMA Bahasa Indonesia Tingkat Lanjut | D12: 12 | E12: 144 | F12: 6600 | H12: 10000 | J12: =F12*G12 -> 0 | K12: =I12*H12 -> 0
A13: 9 | C13: TKA SMA Matematika | D13: 12 | E13: 144 | F13: 6600 | H13: 10000 | J13: =F13*G13 -> 0 | K13: =I13*H13 -> 0
A14: 10 | C14: TKA SMA Matematika Tingkat Lanjut | D14: 12 | E14: 144 | F14: 6600 | H14: 10000 | J14: =F14*G14 -> 0 | K14: =I14*H14 -> 0
A15: 11 | C15: TKA SMA Fisika | D15: 12 | E15: 144 | F15: 6600 | H15: 10000 | J15: =F15*G15 -> 0 | K15: =I15*H15 -> 0
A16: 12 | C16: TKA SMA Biologi | D16: 12 | E16: 144 | F16: 6600 | H16: 10000 | J16: =F16*G16 -> 0 | K16: =I16*H16 -> 0
A17: 13 | C17: TKA SMA Kimia | D17: 12 | E17: 144 | F17: 6600 | H17: 10000 | J17: =F17*G17 -> 0 | K17: =I17*H17 -> 0
A18: 14 | C18: TKA SMA Sejarah | D18: 12 | E18: 144 | F18: 6600 | H18: 10000 | J18: =F18*G18 -> 0 | K18: =I18*H18 -> 0
A19: 15 | C19: TKA SMA Ekonomi | D19: 12 | E19: 144 | F19: 6600 | H19: 10000 | J19: =F19*G19 -> 0 | K19: =I19*H19 -> 0
A20: 16 | C20: TKA SMA Geografi | D20: 12 | E20: 144 | F20: 6600 | H20: 10000 | J20: =F20*G20 -> 0 | K20: =I20*H20 -> 0
A21: 17 | C21: TKA SMA Sosiologi | D21: 12 | E21: 144 | F21: 6600 | H21: 10000 | J21: =F21*G21 -> 0 | K21: =I21*H21 -> 0
A22: 18 | C22: TKA SMA Baha Inggris | D22: 12 | E22: 144 | F22: 6600 | H22: 10000 | J22: =F22*G22 -> 0 | K22: =I22*H22 -> 0
... A24: 20 | C24: TKA SMK/MAK Produk/Projek Kreatif dan Kewirausahaan | D24: 12 | E24: 144 | F24: 6600 | H24: 10000 | J24: =F24*G24 -> 0 | K24: =I24*H24 -> 0
G25: =SUM(G5:G24) -> 0 | I25: =SUM(I5:I24) -> 0 | J25: =SUM(J5:J24) -> 0 | K25: =SUM(K5:K24) -> 0

Sheet ASAJ UM
A1: DAFTAR BUKU ASAJ & UM ZAMRUD
A2: =REKAP!A2 -> Smt. 2 Tahun Ajaran 2026 - 2027
A4: No | B4: Bidang Studi | C4: Kls | D4: Hal | E4: Harga Satuan | F4: ORDER | G4: Harga PG | H4: PG BELI
A5: 1 | B5: SD Terpadu - ASAJ SD | C5: 6 | D5: 272 | E5: 11300 | G5: 18000 | I5: =E5*F5 -> 0 | J5: =G5*H5 -> 0
A6: 2 | B6: Pendidikan Agama Islam dan Budi Pekerti - ASAJ SD | C6: 6 | D6: 112 | E6: 5250 | G6: 10500 | I6: =E6*F6 -> 0 | J6: =G6*H6 -> 0
A7: 3 | B7: PPKn - ASAJ SMP | C7: 9 | D7: 144 | E7: 6600 | G7: 10500 | I7: =E7*F7 -> 0 | J7: =G7*H7 -> 0
A8: 4 | B8: Bahasa Indonesia - ASAJ SMP | C8: 9 | D8: 144 | E8: 6600 | G8: 10500 | I8: =E8*F8 -> 0 | J8: =G8*H8 -> 0
A9: 5 | B9: Matematika - ASAJ SMP | C9: 9 | D9: 144 | E9: 6600 | G9: 10500 | I9: =E9*F9 -> 0 | J9: =G9*H9 -> 0
A10: 6 | B10: IPA - ASAJ SMP | C10: 9 | D10: 144 | E10: 6600 | G10: 10500 | I10: =E10*F10 -> 0 | J10: =G10*H10 -> 0
A11: 7 | B11: IPS - ASAJ SMP | C11: 9 | D11: 144 | E11: 6600 | G11: 10500 | I11: =E11*F11 -> 0 | J11: =G11*H11 -> 0
A12: 8 | B12: Bahasa Inggris - ASAJ SMP | C12: 9 | D12: 144 | E12: 6600 | G12: 10500 | I12: =E12*F12 -> 0 | J12: =G12*H12 -> 0
A13: 9 | B13: Pendidikan Agama Islam dan Budi Pekerti - ASAJ SMP | C13: 9 | D13: 144 | E13: 6600 | G13: 10500 | I13: =E13*F13 -> 0 | J13: =G13*H13 -> 0
A14: 10 | B14: Pendidikan Pancasila SMA/SMK - ASAJ | C14: 12 | D14: 144 | E14: 6600 | G14: 10500 | I14: =E14*F14 -> 0 | J14: =G14*H14 -> 0
A15: 11 | B15: Bahasa Indonesia SMA/SMK - ASAJ | C15: 12 | D15: 144 | E15: 6600 | G15: 10500 | I15: =E15*F15 -> 0 | J15: =G15*H15 -> 0
A16: 12 | B16: Matematika SMA/SMK - ASAJ | C16: 12 | D16: 144 | E16: 6600 | G16: 10500 | I16: =E16*F16 -> 0 | J16: =G16*H16 -> 0
... A38: 34 | B38: Bahasa Arab - UJIAN MADRASAH | C38: 12 | D38: 112 | E38: 5250 | G38: 10500 | I38: =E38*F38 -> 0 | J38: =G38*H38 -> 0
F39: =SUM(F5:F38) -> 0 | H39: =SUM(H5:H38) -> 0 | I39: =SUM(I5:I38) -> 0 | J39: =SUM(J5:J38) -> 0

Sheet jurnal & tk
A1: DAFTAR ESTIMASI ZAMRUD SD MERDEKA
A2: =REKAP!A2 -> Smt. 2 Tahun Ajaran 2026 - 2027
A3: NAMA : | B3: =REKAP!$J$4 -> 0
A4: No | B4: Bidang Studi Kur. Merdeka | C4: Kls | D4: Hal | E4: Harga | F4: ORDER LKS
A6: 1 | B6: Jurnal 7 Kebiasaan Anak Hebat Indonesia | C6: UMUM | D6: 56 | E6: 5500 | G6: =E6*F6 -> 0
A7: 2 | B7: Sekolahku - SMT. 1 | C7: TK A | D7: 32 | E7: 3700 | G7: =E7*F7 -> 0
A8: 3 | B8: Kasihku untuk Ayah dan Ibu - SMT. 1 | C8: TK A | D8: 32 | E8: 3700 | G8: =E8*F8 -> 0
A9: 4 | B9: Aku Cinta Lingkungan - SMT. 1 | C9: TK A | D9: 32 | E9: 3700 | G9: =E9*F9 -> 0
A10: 5 | B10: Aku Anak Indonesia - SMT. 2 | C10: TK A | D10: 32 | E10: 3700 | G10: =E10*F10 -> 0
A11: 6 | B11: Aku Bisa Jaga Diri - SMT. 2 | C11: TK A | D11: 32 | E11: 3700 | G11: =E11*F11 -> 0
A12: 7 | B12: Liburanku Seru! - SMT. 2 | C12: TK A | D12: 32 | E12: 3700 | G12: =E12*F12 -> 0
A13: 8 | B13: Fisik Motorik - TK A | C13: TK A | D13: 32 | E13: 3700 | G13: =E13*F13 -> 0
A14: 9 | B14: Calistung - TK A | C14: TK A | D14: 32 | E14: 3700 | G14: =E14*F14 -> 0
A15: 10 | B15: Baca Tulis Al-Qur'an - TK A | C15: TK A | D15: 32 | E15: 3700 | G15: =E15*F15 -> 0
A16: 11 | B16: Mengenal Huruf Hijaiyah - TK A | C16: TK A | D16: 32 | E16: 3700 | G16: =E16*F16 -> 0
A17: 12 | B17: Belajar di Sekolah - SMT. 1 | C17: TK B | D17: 32 | E17: 3700 | G17: =E17*F17 -> 0
... A26: 21 | B26: Mengenal Huruf Hijaiyah - TK B | C26: TK B | D26: 32 | E26: 3700 | G26: =E26*F26 -> 0
F27: =SUM(F6:F26) -> 0 | G27: =SUM(G6:G26) -> 0

Sheet Base
A1: ESTIMASI SMT 2 Th 2026-2027 | D1: TIDAK UNTUK DIISI | N1: 14 | O1: 15 | P1: 16 | Q1: 17 | R1: 18 | S1: 19 | T1: 20 | U1: 21 | V1: 22 | W1: 23 | X1: 24 | Y1: 25 | Z1: 26 | AA1: 27 | AB1: 28 | AC1: 29 | AD1: 30 | AE1: 31 | AF1: 32 | AG1: 33 | AH1: 34 | AI1: 35 | AJ1: 36 | AK1: 37 | AL1: 38 | AM1: 39 | AN1: 40 | AO1: 41 | AP1: 42 | AQ1: 43 | AR1: 44 | AS1: 45 | AT1: 46 | AU1: 47 | AV1: 48 | AW1: 49 | AX1: 50 | AY1: 51 | AZ1: 52 | BA1: 53 | BB1: 54 | BC1: 55 | BD1: 56 | BE1: 57 | BF1: 58 | BG1: 59 | BH1: 60 | BI1: 61 | BJ1: 62 | BK1: 63 | BL1: 64 | BM1: 65 | BN1: 66 | BO1: 67 | BP1: 68 | BQ1: 69 | BR1: 70 | BS1: 71 | BT1: 72 | BU1: 73 | BV1: 74 | BW1: 75 | BX1: 76 | BY1: 77 | BZ1: 78 | CA1: 79 | CB1: 80 | CC1: 81 | CD1: 82 | CE1: 83 | CF1: 84 | CG1: 85 | CH1: 86 | CI1: 87 | CJ1: 88 | CK1: 89 | CL1: 90 | CM1: 91 | CN1: 92 | CO1: 93 | CP1: 94 | CQ1: 95 | CR1: 96 | CS1: 97 | CT1: 98 | CU1: 99 | CV1: 100 | CW1: 101 | CX1: 102 | CY1: 103 | CZ1: 104 | DA1: 105 | DB1: 106 | DC1: 107 | DD1: 108 | DE1: 109 | DF1: 110 | DG1: 111 | DH1: 112 | DI1: 113 | DJ1: 114 | DK1: 115 | DL1: 116 | DM1: 117 | DN1: 118 | DO1: 119 | DP1: 120 | DQ1: 121 | DR1: 122 | DS1: 123 | DT1: 124 | DU1: 125 | DV1: 126 | DW1: 127 | DX1: 128 | DY1: 129 | DZ1: 130 | EA1: 131 | EB1: 132 | EC1: 133 | ED1: 134 | EE1: 135 | EF1: 136 | EG1: 137 | EH1: 138 | EI1: 139 | EJ1: 140 | EK1: 141 | EL1: 142 | EM1: 143 | EN1: 144 | EO1: 145 | EP1: 146 | EQ1: 147 | ER1: 148 | ES1: 149 | ET1: 150 | EU1: 151 | EV1: 152 | EW1: 153 | EX1: 154 | EY1: 155 | EZ1: 156 | FA1: 157 | FB1: 158 | FC1: 159 | FD1: 160 | FE1: 161 | FF1: 162 | FG1: 163 | FH1: 164 | FI1: 165 | FJ1: 166 | FK1: 167 | FL1: 168 | FM1: 169 | FN1: 170 | FO1: 171 | FP1: 172 | FQ1: 173 | FR1: 174 | FS1: 175 | FT1: 176 | FU1: 177 | FV1: 178 | FW1: 179 | FX1: 180 | FY1: 181 | FZ1: 182 | GA1: 183 | GB1: 184 | GC1: 185 | GD1: 186 | GE1: 187 | GF1: 188 | GG1: 189 | GH1: 190 | GI1: 191 | GJ1: 192 | GK1: 193 | GL1: 194 | GM1: 195 | GN1: 196 | GO1: 197 | GP1: 198 | GQ1: 199 | GR1: 200 | GS1: 201 | GT1: 202 | GU1: 203 | GV1: 204 | GW1: 205 | GX1: 206 | GY1: 207 | GZ1: 208 | HA1: 209 | HB1: 210 | HC1: 211 | HD1: 212 | HE1: 213 | HF1: 214 | HG1: 215 | HH1: 216 | HI1: 217 | HJ1: 218 | HK1: 219 | HL1: 220 | HM1: 221 | HN1: 222 | HO1: 223 | HP1: 224 | HQ1: 225 | HR1: 226 | HS1: 227 | HT1: 228 | HU1: 229 | HV1: 230 | HW1: 231 | HX1: 232 | HY1: 233 | HZ1: 234 | IA1: 235 | IB1: 236 | IC1: 237 | ID1: 238 | IE1: 239 | IF1: 240 | IG1: 241 | IH1: 242 | II1: 243 | IJ1: 244 | IK1: 245 | IL1: 246 | IM1: 247 | IN1: 248 | IO1: 249 | IP1: 250 | IQ1: 251 | IR1: 252 | IS1: 253 | IT1: 254 | IU1: 255 | IV1: 256 | IW1: 257 | IX1: 258 | IY1: 259 | IZ1: 260 | JA1: 261 | JB1: 262 | JC1: 263 | JD1: 264 | JE1: 265 | JF1: 266 | JG1: 267 | JH1: 268 | JI1: 269 | JJ1: 270 | JK1: 271 | JL1: 272 | JM1: 273 | JN1: 274 | JO1: 275 | JP1: 276 | JQ1: 277 | JR1: 278 | JS1: 279 | JT1: 280 | JU1: 281 | JV1: 282 | JW1: 283 | JX1: 284 | JY1: 285 | JZ1: 286 | KA1: 287 | KB1: 288 | KC1: 289 | KD1: 290 | KE1: 291 | KF1: 292 | KG1: 293 | KH1: 294 | KI1: 295 | KJ1: 296 | KK1: 297 | KL1: 298 | KM1: 299 | KN1: 300 | KO1: 301 | KP1: 302 | KQ1: 303 | KR1: 304 | KS1: 305 | KT1: 306 | KU1: 307 | KV1: 308 | KW1: 309 | KX1: 310 | KY1: 311 | KZ1: 312 | LA1: 313 | LB1: 314 | LC1: 315 | LD1: 316 | LE1: 317 | LF1: 318 | LG1: 319 | LH1: 320 | LI1: 321 | LJ1: 322 | LK1: 323 | LL1: 324 | LM1: 325 | LN1: 326 | LO1: 327 | LP1: 328 | LQ1: 329 | LR1: 330 | LS1: 331 | LT1: 332 | LU1: 333 | LV1: 334 | LW1: 335 | LX1: 336 | LY1: 337 | LZ1: 338 | MA1: 339 | MB1: 340 | MC1: 341 | MD1: 342 | ME1: 343 | MF1: 344 | MG1: 345 | MH1: 346 | MO1: 347 | MP1: 348 | MQ1: 349 | MR1: 350 | MS1: 351 | MT1: 352 | MU1: 353 | MV1: 354 | MW1: 355 | MX1: 356 | MY1: 357 | MZ1: 358 | NA1: 359 | NB1: 360 | NC1: 361 | ND1: 362 | NE1: 363 | NF1: 364 | NG1: 365 | NH1: 366 | NI1: 367 | NJ1: 368 | NK1: 369 | NL1: 370 | NM1: 371 | NN1: 372 | NO1: 373 | NP1: 374 | NQ1: 375 | NR1: 376 | NS1: 377 | NT1: 378 | NU1: 379 | NV1: 380 | NW1: 381 | NX1: 382 | NY1: 383 | NZ1: 384 | OA1: 385 | OB1: 386 | OC1: 387 | OD1: 388 | OE1: 389 | OF1: 390 | OG1: 391 | OH1: 392 | OI1: 393 | OJ1: 394 | OK1: 395 | OL1: 396 | OM1: 397 | ON1: 398 | OO1: 399 | OP1: 400 | OQ1: 401 | OR1: 402 | OS1: 403 | OT1: 404 | OU1: 405 | OV1: 406 | OW1: 407 | OX1: 408 | OY1: 409 | OZ1: 410 | PA1: 411 | PB1: 412 | PC1: 413 | PD1: 414 | PE1: 415 | PF1: 416 | PG1: 417 | PH1: 418 | PI1: 419 | PJ1: 420 | PK1: 421 | PL1: 422 | PM1: 423 | PN1: 424 | PO1: 425 | PP1: 426 | PQ1: 427 | PR1: 428 | PS1: 429 | PT1: 430 | PU1: 431 | PV1: 432 | PW1: 433 | PX1: 434 | PY1: 435 | PZ1: 436 | QA1: 437 | QB1: 438 | QC1: 439 | QD1: 440 | QE1: 441 | QF1: 442 | QG1: 443 | QH1: 444 | QM1: 445 | QN1: 450 | QO1: 451 | QP1: 452 | QQ1: 453 | QR1: 454 | QS1: 455 | QT1: 456 | QU1: 457 | QV1: 458 | QW1: 459 | QX1: 460 | QY1: 461 | QZ1: 462 | RA1: 463 | RB1: 464 | RC1: 465 | RD1: 466 | RE1: 467 | RF1: 468 | RG1: 469 | RH1: 470 | RI1: 471 | RJ1: 472 | RK1: 473 | RL1: 474 | RM1: 475 | RN1: 476 | RO1: 477 | RP1: 478 | RQ1: 479 | RR1: 480 | RS1: 481 | RT1: 482 | RU1: 483 | RV1: 484 | RW1: 485 | RX1: 486 | RY1: 487 | RZ1: 488 | SA1: 489 | SB1: 490 | SC1: 491 | SD1: 492 | SE1: 493 | SF1: 494 | SG1: 495 | SH1: 496 | SI1: 497 | SJ1: 498 | SK1: 499 | SL1: 500 | SM1: 501 | SN1: 502 | SO1: 503 | SP1: 504 | SQ1: 505 | SR1: 506 | SS1: 507 | ST1: 508 | SU1: 509 | SV1: 510 | SW1: 511 | SX1: 512 | SY1: 513 | SZ1: 514 | TA1: 515 | TB1: 516 | TC1: 517 | TD1: 518 | TE1: 519 | TF1: 520 | TG1: 521 | TH1: 522 | TI1: 523 | TJ1: 524 | TK1: 525 | TL1: 526 | TM1: 527 | TN1: 528 | TO1: 529 | TP1: 530 | TQ1: 531 | TR1: 532 | TS1: 533 | TT1: 534 | TU1: 535 | TV1: 536 | TW1: 537 | TX1: 538 | TY1: 539 | TZ1: 540 | UA1: 541 | UB1: 542 | UC1: 543 | UD1: 544 | UE1: 545 | UF1: 546 | UG1: 547 | UH1: 548 | UI1: 549 | UJ1: 550 | UK1: 551 | UL1: 552 | UM1: 553 | UN1: 554 | UO1: 555 | UP1: 556 | UQ1: 557 | UR1: 558 | US1: 559 | UT1: 560 | UU1: 561 | UV1: 562 | UW1: 563 | UX1: 564 | UY1: 565 | UZ1: 566 | VA1: 567 | VB1: 568 | VC1: 569 | VD1: 570 | VE1: 571 | VF1: 572 | VG1: 573 | VH1: 574 | VI1: 575 | VJ1: 576 | VK1: 577 | VL1: 578 | VM1: 579 | VN1: 580 | VO1: 581 | VP1: 582 | VQ1: 583 | VR1: 584 | VS1: 585 | VT1: 586 | VU1: 587 | VV1: 588 | VW1: 589 | VX1: 590 | VY1: 591 | VZ1: 592 | WA1: 593 | WB1: 594 | WC1: 595 | WD1: 596 | WE1: 597 | WF1: 598 | WG1: 599 | WH1: 600 | WI1: 601 | WJ1: 602 | WK1: 603 | WL1: 604 | WM1: 605 | WN1: 606 | WO1: 607 | WP1: 608 | WQ1: 609 | WR1: 610 | WS1: 611 | WT1: 612 | WU1: 613 | WV1: 614 | WW1: 615 | WX1: 616 | WY1: 617 | WZ1: 618 | XA1: 619 | XB1: 620 | XC1: 621 | XD1: 622 | XE1: 623 | XF1: 624 | XG1: 625 | XH1: 626 | XI1: 627 | XJ1: 628 | XK1: 629 | XL1: 630 | XM1: 631 | XN1: 632 | XO1: 633 | XP1: 634 | XQ1: 635 | XR1: 636 | XS1: 637 | XT1: 638 | XU1: 639 | XV1: 640 | XW1: 641 | XX1: 642 | XY1: 643 | XZ1: 644 | YA1: 645 | YB1: 646 | YC1: 647 | YD1: 648 | YE1: 649 | YF1: 650 | YG1: 651 | YH1: 652 | YI1: 653 | YJ1: 654 | YK1: 655 | YL1: 656 | YM1: 657 | YN1: 658 | YO1: 659 | YP1: 660 | YQ1: 661 | YR1: 662 | YS1: 663 | YT1: 664 | YU1: 665 | YV1: 666 | YW1: 667 | YX1: 668 | YY1: 669 | YZ1: 670 | ZA1: 671 | ZB1: 672 | ZC1: 673 | ZD1: 674 | ZE1: 675 | ZF1: 676 | ZG1: 677 | ZH1: 678 | ZI1: 679 | ZJ1: 680 | ZK1: 681 | ZL1: 682 | ZM1: 683 | ZN1: 684 | ZO1: 685 | ZP1: 686 | ZQ1: 687 | ZR1: 688 | ZS1: 689 | ZT1: 690 | ZU1: 691 | ZV1: 692 | ZW1: 693 | ZX1: 694 | ZY1: 695 | ZZ1: 696 | AAA1: 697 | AAB1: 698 | AAC1: 699 | AAD1: 700 | AAE1: 701 | AAF1: 702 | AAG1: 703 | AAH1: 704 | AAI1: 705 | AAJ1: 706 | AAK1: 707 | AAL1: 708 | AAM1: 709 | AAN1: 710 | AAO1: 711 | AAP1: 712 | AAQ1: 713 | AAR1: 714 | AAS1: 715 | AAT1: 716 | AAU1: 717 | AAV1: 718 | AAW1: 719 | AAX1: 720 | AAY1: 721 | AAZ1: 722 | ABA1: 723 | ABB1: 724 | ABC1: 725 | ABD1: 726 | ABE1: 727 | ABF1: 728 | ABG1: 729 | ABH1: 730 | ABI1: 731 | ABJ1: 732 | ABK1: 733 | ABL1: 734 | ACA1: 735 | ACB1: 736 | ACI1: 737
N2: SD TERPADU LAMA | T2: SD MERDEKA | CJ2: SMP MERDEKA | EF2: SMA MERDEKA | GW2: SMK MERDEKA | HB2: Fajar (MI Terpadu) | HH2: HIKMAH | IJ2: FATTAH | IY2: FITRAH | JN2: BAJATIM | JZ2: Prima SD | KZ2: PRIMA SMP | LR2: PRIMA SMA | MN2: PRIMA SMK | MQ2: Intens SMA | NH2: INTENS SMK | NU2: Produktif Lama | QO2: AKM | QR2: AKMI | QU2: P5 SD | RA2: P5 SMP | RD2: P5 SMA | RG2: Jurnal | RH2: TK | SB2: TKA SD | SE2: TKA SMP | SG2: TKA SMA | SV2: US SD | SX2: US SMP | TE2: US SMA | TS2: UM MI | TT2: UMMTS | TY2: UM MA | UD2: Produkti Baru
A3: NO SPB | B3: Jenis | C3: Tanggal | D3: Nama | E3: Area | F3: No. Est | G3: Jenis | H3: Sample | I3: Jumlah | J3: Jumlah | K3: Rencana | L3: Rencana | M3: Tgl Pesanan/ | N3: Karima (SD Merdeka Terpadu) | O3: Karima (SD Merdeka Terpadu) | P3: Karima (SD Merdeka Terpadu) | Q3: Karima (SD Merdeka Terpadu) | R3: Karima (SD Merdeka Terpadu) | S3: Karima (SD Merdeka Terpadu) | T3: Pendidikan Pancasila | U3: Pendidikan Pancasila | V3: Pendidikan Pancasila | W3: Pendidikan Pancasila | X3: Pendidikan Pancasila | Y3: Pendidikan Pancasila | Z3: Bahasa Indonesia | AA3: Bahasa Indonesia | AB3: Bahasa Indonesia | AC3: Bahasa Indonesia | AD3: Bahasa Indonesia | AE3: Bahasa Indonesia | AF3: Matematika | AG3: Matematika | AH3: Matematika | AI3: Matematika | AJ3: Matematika | AK3: Matematika | AL3: IPAS smt 1 | AM3: IPAS smt 2 | AN3: IPAS smt 1 | AO3: IPAS smt 2 | AP3: IPAS smt 1 | AQ3: IPAS smt 2 | AR3: IPAS smt 1 | AS3: IPAS smt 2 | AT3: Bahasa Inggris | AU3: Bahasa Inggris | AV3: Bahasa Inggris | AW3: Bahasa Inggris | AX3: Bahasa Inggris | AY3: Bahasa Inggris | AZ3: PJOK | BA3: PJOK | BB3: PJOK | BC3: PJOK | BD3: PJOK | BE3: PJOK | BF3: Pendidikan Agama Islam dan BP | BG3: Pendidikan Agama Islam dan BP | BH3: Pendidikan Agama Islam dan BP | BI3: Pendidikan Agama Islam dan BP | BJ3: Pendidikan Agama Islam dan BP | BK3: Pendidikan Agama Islam dan BP | BL3: Seni Musik | BM3: Seni Musik | BN3: Seni Musik | BO3: Seni Musik | BP3: Seni Musik | BQ3: Seni Musik | BR3: Seni Rupa | BS3: Seni Rupa | BT3: Seni Rupa | BU3: Seni Rupa | BV3: Seni Rupa | BW3: Seni Rupa | BX3: Seni Tari | BY3: Seni Tari | BZ3: Seni Tari | CA3: Seni Tari | CB3: Seni Tari | CC3: Seni Tari | CD3: Bahasa Jawa | CE3: Bahasa Jawa | CF3: Bahasa Jawa | CG3: Bahasa Jawa | CH3: Bahasa Jawa | CI3: Bahasa Jawa | CJ3: PPkn | CK3: PPkn | CL3: PPkn | CM3: Bahasa Indonesia | CN3: Bahasa Indonesia | CO3: Bahasa Indonesia | CP3: Matematika | CQ3: Matematika | CR3: Matematika | CS3: IPA Terpadu | CT3: IPA Terpadu | CU3: IPA Terpadu | CV3: IPS Terpadu | CW3: IPS Terpadu | CX3: IPS Terpadu | CY3: Bahasa Inggris | CZ3: Bahasa Inggris | DA3: Bahasa Inggris | DB3: PJOK | DC3: PJOK | DD3: PJOK | DE3: Pendidikan Agama Islam | DF3: Pendidikan Agama Islam | DG3: Pendidikan Agama Islam | DH3: Seni Musik | DI3: Seni Musik | DJ3: Seni Musik | DK3: Seni Rupa | DL3: Seni Rupa | DM3: Seni Rupa | DN3: Seni Tari | DO3: Seni Tari | DP3: Seni Tari | DQ3: Prakarya Kerajinan | DR3: Prakarya Kerajinan | DS3: Prakarya Kerajinan | DT3: Prakarya Pengolahan | DU3: Prakarya Pengolahan | DV3: Prakarya Pengolahan | DW3: Bahasa Jawa | DX3: Bahasa Jawa | DY3: Bahasa Jawa | DZ3: Informatika | EA3: Informatika | EB3: Informatika | EC3: Pengembangan Diri | ED3: Pengembangan Diri | EE3: Pengembangan Diri | EF3: Pendidikan Pancasila [ SMA/SMK ] | EG3: Pendidikan Pancasila [ SMA/SMK ] | EH3: Pendidikan Pancasila [ SMA/SMK ] | EI3: Bahasa Indonesia [ SMA/ SMK ] | EJ3: Bahasa Indonesia [ SMA/ SMK ] | EK3: Bahasa Indonesia [ SMA/ SMK ] | EL3: Matematika [ SMA / SMK ] | EM3: Matematika [ SMA / SMK ] | EN3: Matematika [ SMA / SMK ] | EO3: Matematika tk. Lanjut [ SMA ] | EP3: Matematika tk. Lanjut [ SMA ] | EQ3: Fisika [ SMA ] | ER3: Fisika [ SMA ] | ES3: Fisika [ SMA ] | ET3: Biologi [ SMA ] | EU3: Biologi [ SMA ] | EV3: Biologi [ SMA ] | EW3: Kimia [ SMA ] | EX3: Kimia [ SMA ] | EY3: Kimia [ SMA ] | EZ3: Sejarah [ SMA ] | FA3: Sejarah [ SMA ] | FB3: Sejarah [ SMA ] | FC3: Sejarah TL [ SMA ] | FD3: Sejarah TL [ SMA ] | FE3: Ekonomi [ SMA ] | FF3: Ekonomi [ SMA ] | FG3: Ekonomi [ SMA ] | FH3: Geografi [ SMA ] | FI3: Geografi [ SMA ] | FJ3: Geografi [ SMA ] | FK3: Sosiologi [ SMA ] | FL3: Sosiologi [ SMA ] | FM3: Sosiologi [ SMA ] | FN3: Bahasa Inggris [ SMA/SMK ] | FO3: Bahasa Inggris [ SMA/SMK ] | FP3: Bahasa Inggris [ SMA/SMK ] | FQ3: Bahasa Inggris tk. Lanjut [ SMA ] | FR3: Bahasa Inggris tk. Lanjut [ SMA ] | FS3: Penjas [ SMA / SMK ] | FT3: Penjas [ SMA / SMK ] | FU3: Penjas [ SMA / SMK ] | FV3: Pendidikan Agama Islam & BP [ SMA / SMK ] | FW3: Pendidikan Agama Islam & BP [ SMA / SMK ] | FX3: Pendidikan Agama Islam & BP [ SMA / SMK ] | FY3: Seni Musik [ SMA / SMK ] | FZ3: Seni Musik [ SMA ] | GA3: Seni Musik [ SMA ] | GB3: Seni Rupa [ SMA / SMK ] | GC3: Seni Rupa [ SMA ] | GD3: Seni Rupa [ SMA ] | GE3: Seni Tari [ SMA / SMK ] | GF3: Seni Tari [ SMA ] | GG3: Seni Tari [ SMA ] | GH3: Prakarya Kerajinan | GI3: Prakarya & KWU - Kerajinan | GJ3: Prakarya & KWU - Kerajinan | GK3: Prakarya Pengolahan | GL3: Prakarya & KWU - Pengolahan | GM3: Prakarya & KWU - Pengolahan | GN3: Bahasa Jawa | GO3: Bahasa Jawa | GP3: Bahasa Jawa | GQ3: Informatika [ SMA ] | GR3: Informatika [ SMA ] | GS3: Informatika [ SMA ] | GT3: Pengembangan Diri | GU3: Pengembangan Diri | GV3: Pengembangan Diri | GW3: Informatika [ SMK ] | GX3: IPAS [SMK] | GY3: Sejarah [ SMK ] | GZ3: Sejarah [ SMK ] | HA3: Sejarah [ SMK ] / 1 tahun | HB3: Fajar (MI Terpadu) | HC3: Fajar (MI Terpadu) | HD3: Fajar (MI Terpadu) | HE3: Fajar (MI Terpadu) | HF3: Fajar (MI Terpadu) | HG3: Fajar (MI Terpadu) | HH3: Alquran Hadis | HI3: Alquran Hadis | HJ3: Alquran Hadis | HK3: Alquran Hadis | HL3: Alquran Hadis | HM3: Alquran Hadis | HN3: Fikih | HO3: Fikih | HP3: Fikih | HQ3: Fikih | HR3: Fikih | HS3: Fikih | HT3: Akidah Akhlak | HU3: Akidah Akhlak | HV3: Akidah Akhlak | HW3: Akidah Akhlak | HX3: Akidah Akhlak | HY3: Akidah Akhlak | HZ3: SKI | IA3: SKI | IB3: SKI | IC3: SKI | ID3: Bahasa Arab | IE3: Bahasa Arab | IF3: Bahasa Arab | IG3: Bahasa Arab | IH3: Bahasa Arab | II3: Bahasa Arab | IJ3: Alquran Hadis | IK3: Alquran Hadis | IL3: Alquran Hadis | IM3: Fikih | IN3: Fikih | IO3: Fikih | IP3: Akidah Akhlak | IQ3: Akidah Akhlak | IR3: Akidah Akhlak | IS3: Sejarah Kebudayaan Islam | IT3: Sejarah Kebudayaan Islam | IU3: Sejarah Kebudayaan Islam | IV3: Bahasa Arab | IW3: Bahasa Arab | IX3: Bahasa Arab | IY3: Alquran Hadis | IZ3: Alquran Hadis | JA3: Alquran Hadis | JB3: Fikih | JC3: Fikih | JD3: Fikih | JE3: Akidah Akhlak | JF3: Akidah Akhlak | JG3: Akidah Akhlak | JH3: Sejarah Kebudayaan Islam | JI3: Sejarah Kebudayaan Islam | JJ3: Sejarah Kebudayaan Islam | JK3: Bahasa Arab | JL3: Bahasa Arab | JM3: Bahasa Arab | JN3: Bahasa Jawa Timur | JO3: Bahasa Jawa Timur | JP3: Bahasa Jawa Timur | JQ3: Bahasa Jawa Timur | JR3: Bahasa Jawa Timur | JS3: Bahasa Jawa Timur | JT3: Bahasa Jawa Timur | JU3: Bahasa Jawa Timur | JV3: Bahasa Jawa Timur | JW3: Bahasa Jawa Timur | JX3: Bahasa Jawa Timur | JY3: Bahasa Jawa Timur | JZ3: Informatika Merdeka | KA3: Informatika Merdeka | KB3: Informatika Merdeka | KC3: Informatika Merdeka | KD3: Informatika Merdeka | KE3: Informatika Merdeka | KF3: Seni Teater | KG3: Seni Teater | KH3: Seni Teater | KI3: Seni Teater | KJ3: Seni Teater | KK3: Seni Teater | KL3: Seni Terpadu | KM3: Seni Terpadu | KN3: Seni Terpadu | KO3: Seni Terpadu | KP3: Seni Terpadu | KQ3: Seni Terpadu | KR3: SD Terpadu | KS3: SD Terpadu | KT3: SD Terpadu | KU3: SD Terpadu | KV3: SD Terpadu | KW3: SD Terpadu | KX3: Koding SD | KY3: Koding SD | KZ3: Seni Teater | LA3: Seni Teater | LB3: Seni Teater | LC3: Prakarya Budidaya | LD3: Prakarya Budidaya | LE3: Prakarya Budidaya | LF3: Prakarya Rekayasa | LG3: Prakarya Rekayasa | LH3: Prakarya Rekayasa | LI3: Koding | LJ3: Koding | LK3: Koding | LL3: Seni Terpadu | LM3: Seni Terpadu | LN3: Seni Terpadu | LO3: Prakarya Terpadu | LP3: Prakarya Terpadu | LQ3: Prakarya Terpadu | LR3: Bahasa Indonesia tk. Lanjut [ SMA ] | LS3: Bahasa Indonesia tk. Lanjut [ SMA ] | LT3: Antropologi [ SMA ] | LU3: Antropologi [ SMA ] | LV3: Seni Teater [ SMA/SMK ] | LW3: Seni Teater [ SMA ] | LX3: Seni Teater [ SMA ] | LY3: Prakarya Budidaya | LZ3: Prakarya & KWU - Budidaya | MA3: Prakarya & KWU - Budidaya | MB3: Prakarya Rekayasa | MC3: Prakarya & KWU - Rekayasa | MD3: Prakarya & KWU - Rekayasa | ME3: Koding | MF3: Koding | MG3: Koding | MH3: Seni Terpadu | MI3: Seni Terpadu | MJ3: Seni Terpadu | MK3: Prakarya Terpadu | ML3: Prakarya Terpadu | MM3: Prakarya Terpadu | MN3: Koding SMK | MO3: Koding SMK | MP3: Koding SMK | MQ3: Pendidikan Pancasila SMA/SMK | MR3: Bahasa Indonesia SMA/SMK | MS3: Matematika SMA/SMK | MT3: Matematika Tingkat Lanjut SMA | MU3: Fisika SMA | MV3: Biologi SMA | MW3: Kimia SMA | MX3: Sejarah SMA | MY3: Sejarah TL SMA | MZ3: Ekonomi SMA | NA3: Geografi SMA | NB3: Sosiologi SMA | NC3: Bahasa Inggris SMA/SMK | ND3: B. Inggris Tingkat Lanjut SMA | NE3: PJOK SMA/SMK | NF3: Pend. Agama Islam & BP SMA/SMK | NG3: Informatika SMA | NH3: IPAS Rumpun Bisnis | NI3: IPAS Rumpun Kesehatan | NJ3: IPAS Rumpun Teknologi | NK3: Akuntansi dan Keuangan Lembaga | NL3: Desain Komunikasi Visual | NM3: Manajemen Perkantoran dan Layanan Bisnis | NN3: Pemasaran | NO3: Pengembangan Perangkat Lunak dan Gim | NP3: Perhotelan | NQ3: Seni Rupa | NR3: Teknik Jaringan Komputer dan Telekomunikasi | NS3: Teknik Mesin | NT3: Teknik Otomotif | NU3: Gambar Teknik Manufaktur | NV3: Teknik Pemesinan Bubut | NW3: Teknik Pemesinan frais | NX3: Teknik Pemesinan Gerinda | NY3: Teknik Pemesinan Nonkonvensional | NZ3: Konversi Energi Kendaraan Ringan | OA3: Proses Pelayanan dan Manajemen Bengkel Kendaraan Ringan | OB3: Prosedur Penggunaan Kendaraan Ringan | OC3: Perawatan Berkala Kendaraan Ringan | OD3: Sistem Engine Kendaraan Ringan | OE3: Sistem Pemindah Tenaga Kendaraan Ringan | OF3: Sistem Sasis Kendaraan Ringan | OG3: Sistem Elektrikal Kendaraan Ringan | OH3: Sistem Pengaman dan Sistem Kontrol Elektronik Kendaraan Ringan | OI3: Perawatan dan Perbaikan Engine Sepeda Motor | OJ3: Perawatan dan Perbaikan Sasis Sepeda Motor | OK3: Perawatan dan Perbaikan Sistem Pemindah Tenaga Sepeda Motor | OL3: Perawatan dan Perbaikan Sistem Kelistrikan Sepeda Motor | OM3: Perawatan dan Perbaikan Sepeda Motor Listrik dan Hybrid | ON3: Perawatan dan Perbaikan Engine Management System Sepeda Motor | OO3: Pengelolaan Bengkel Sepeda Motor | OP3: Basis Data | OQ3: Pemrograman Berbasis Teks, Grafis, dan Multimedia | OR3: Pemrograman Web | OS3: Pemrograman Perangkat Bergerak | OT3: Perencanaan dan Pengalamatan Jaringan | OU3: Teknologi Jaringan Kabel dan Nirkabel | OV3: Keamanan Jaringan | OW3: Pemasangan dan Konfigurasi Perangkat Jaringan | OX3: Administrasi Sistem Jaringan | OY3: Teknik Kerja Bengkel dan Kelistrikan | OZ3: Sistem Komputer, Elektronika dan Mikroprosesor | PA3: FTTx | PB3: VSAT | PC3: Wireless Access | PD3: Customer Premise Equipment | PE3: Marketing | PF3: Perencanaan bisnis | PG3: Komunikasi bisnis | PH3: Digital branding | PI3: Digital onboarding | PJ3: Digital marketing | PK3: Digital operation | PL3: Marketing | PM3: Customer service | PN3: Komunikasi bisnis | PO3: Pengelolaan bisnis ritel | PP3: Strategi marketing visual merchandising | PQ3: Pengemasan dan pendistribusian produk | PR3: Administrasi transaksi | PS3: Pengelolaan administrasi umum | PT3: Komunikasi di tempat kerja | PU3: Pengelolaan kearsipan | PV3: Teknologi Perkantoran | PW3: Pengelolaan rapat/pertemuan | PX3: Pengelolaan keuangan sederhana | PY3: Pengelolaan sumber daya manusia (SDM) | PZ3: Pengelolaan sarana dan prasarana | QA3: Pengelolaan humas dan keprotokolan | QB3: Akuntansi perusahaan jasa, dagang dan manufaktur | QC3: Akuntansi lembaga/instansi pemerintah | QD3: Akuntansi keuangan | QE3: Komputer akuntansi | QF3: Perpajakan | QG3: Front Office | QH3: Housekeeping dan Laundry | QI3: Food and Beverage Service | QJ3: Prinsip Dasar Desain dan Komunikasi | QK3: Perangkat Lunak Desain | QL3: Menerapkan Design Brief | QM3: Karya Desain | QN3: Proses Produksi Desain | QO3: SD | QP3: SMP | QQ3: SMA-SMK | QR3: MI | QS3: MTS | QT3: MAK | QU3: P5 SD | QV3: P5 SD | QW3: P5 SD | QX3: P5 SD | QY3: P5 SD | QZ3: P5 SD | RA3: P5 SMP | RB3: P5 SMP | RC3: P5 SMP | RD3: P5 SMA | RE3: P5 SMA | RF3: P5 SMA | RG3: Jurnal | RH3: Sekolahku - SMT. 1 | RI3: Kasihku untuk Ayah dan Ibu - SMT. 1 | RJ3: Aku Cinta Lingkungan - SMT. 1 | RK3: Aku Anak Indonesia - SMT. 2 | RL3: Aku Bisa Jaga Diri - SMT. 2 | RM3: Liburanku Seru! - SMT. 2 | RN3: Fisik Motorik - TK A | RO3: Calistung - TK A | RP3: Baca Tulis Al-Qur'an - TK A | RQ3: Mengenal Huruf Hijaiyah - TK A | RR3: Belajar di Sekolah - SMT. 1 | RS3: Keluarga dan Teman Kita - SMT. 1 | RT3: Merawat Lingkungan - SMT. 1 | RU3: Aku Cinta Indonesia - SMT. 2 | RV3: Ayo Menjaga Diri - SMT. 2 | RW3: Asyiknya Liburanku! - SMT. 2 | RX3: Fisik Motorik - TK B | RY3: Calistung - TK B | RZ3: Baca Tulis Al-Qur'an - TK B | SA3: Mengenal Huruf Hijaiyah - TK B | SB3: TKA SD TERPADU | SC3: Indonesia | SD3: Matematika | SE3: Indonesia | SF3: Matematika | SG3: Pancasila | SH3: Indonesia | SI3: Indo TK ljt | SJ3: Matematika | SK3: Mat Tk Lanjut | SL3: Fisika | SM3: Biologi | SN3: Kimia | SO3: Sejarah | SP3: Ekonomi | SQ3: Geografi | SR3: Sosiologi | SS3: Inggris | ST3: Ingg Tk Lanjut | SU3: PKK | SV3: SD Terpadu - PSAJ SD | SW3: Pendidikan Agama Islam dan Budi Pekerti - PSAJ SD | SX3: PPKn - PSAJ SMP | SY3: Bahasa Indonesia - PSAJ SMP | SZ3: Matematika - PSAJ SMP | TA3: IPA - PSAJ SMP | TB3: IPS - PSAJ SMP | TC3: Bahasa Inggris - PSAJ SMP | TD3: Pendidikan Agama Islam dan Budi Pekerti - PSAJ SMP | TE3: Pendidikan Pancasila SMA/SMK - PSAJ | TF3: Bahasa Indonesia SMA/SMK - PSAJ | TG3: Matematika SMA/SMK - PSAJ | TH3: Matematika Tingkat Lanjut SMA - PSAJ | TI3: Fisika SMA - PSAJ | TJ3: Biologi SMA - PSAJ | TK3: Kimia SMA - PSAJ | TL3: Sejarah SMA/SMK - PSAJ | TM3: Ekonomi SMA - PSAJ | TN3: Geografi SMA - PSAJ | TO3: Sosiologi SMA - PSAJ | TP3: Bahasa Inggris SMA/SMK - PSAJ | TQ3: Bahasa Inggris Tingkat Lanjut SMA - PSAJ | TR3: Pend. Agama Islam & BP SMA/SMK - PSAJ | TS3: MI TERPADU - UJIAN MADRASAH | TT3: Alquran Hadis - UJIAN MADRASAH | TU3: Fikih - UJIAN MADRASAH | TV3: Akidah Akhlak - UJIAN MADRASAH | TW3: Sejarah Kebudayaan Islam - UJIAN MADRASAH | TX3: Bahasa Arab - UJIAN MADRASAH | TY3: Alquran Hadis - UJIAN MADRASAH | TZ3: Fikih - UJIAN MADRASAH | UA3: Akidah Akhlak - UJIAN MADRASAH | UB3: Sejarah Kebudayaan Islam - UJIAN MADRASAH | UC3: Bahasa Arab - UJIAN MADRASAH | UD3: KREATIVITAS, INOVASI, DAN KEWIRAUSAHAAN (T.Permesin & DG Mesin) | UE3: Gambar Teknik Manufaktur | UF3: Teknik Pemesinan Bubut | UG3: Teknik Pemesinan frais | UH3: Teknik Pemesinan Gerinda | UI3: Teknik Pemesinan Nonkonvensional | UJ3: Gambar Teknik Mesin (2024) | UK3: Pekerjaan Dasar Teknik Mesin (2024) | UL3: Dasar Perancangan Teknik Mesin (2024) | UM3: Teknik Gambar Konstruksi | UN3: Teknik Gambar Produksi | UO3: Teknik Merancang dengan CAM | UP3: KREATIVITAS, INOVASI, DAN KEWIRAUSAHAAN (TKR & TSM) | UQ3: Konversi Energi Kendaraan Ringan | UR3: Proses Pelayanan dan Manajemen Bengkel Kendaraan Ringan | US3: Prosedur Penggunaan Kendaraan Ringan | UT3: Perawatan Berkala Kendaraan Ringan | UU3: Sistem Engine Kendaraan Ringan | UV3: Sistem Pemindah Tenaga Kendaraan Ringan | UW3: Sistem Sasis Kendaraan Ringan | UX3: Sistem Elektrikal Kendaraan Ringan | UY3: Sistem Pengaman dan Sistem Kontrol Elektronik Kendaraan Ringan (2024) | UZ3: Perawatan dan Perbaikan Engine Sepeda Motor | VA3: Perawatan dan Perbaikan Sasis Sepeda Motor | VB3: Perawatan dan Perbaikan Sistem Pemindah Tenaga Sepeda Motor | VC3: Perawatan dan Perbaikan Sistem Kelistrikan Sepeda Motor | VD3: Perawatan dan Perbaikan Sepeda Motor Listrik dan Hybrid | VE3: Perawatan dan Perbaikan Engine Management System Sepeda Motor | VF3: Pengelolaan Bengkel Sepeda Motor | VG3: KREATIVITAS, INOVASI, DAN KEWIRAUSAHAAN (RPL) | VH3: Basis Data | VI3: Pemrograman Berbasis Teks, Grafis, dan Multimedia | VJ3: Pemrograman Web | VK3: Pemrograman Perangkat Bergerak | VL3: KREATIVITAS, INOVASI, DAN KEWIRAUSAHAAN (Tkomp.J) | VM3: Perencanaan dan Pengalamatan Jaringan | VN3: Teknologi Jaringan Kabel dan Nirkabel | VO3: Keamanan Jaringan | VP3: Pemasangan dan Konfigurasi Perangkat Jaringan | VQ3: Administrasi Sistem Jaringan | VR3: KREATIVITAS, INOVASI, DAN KEWIRAUSAHAAN (MJP) | VS3: Pengelolaan administrasi umum | VT3: Komunikasi di tempat kerja | VU3: Pengelolaan kearsipan | VV3: Teknologi Perkantoran | VW3: Pengelolaan rapat/pertemuan | VX3: Pengelolaan keuangan sederhana (2024) | VY3: Pengelolaan sumber daya manusia (2024) | VZ3: Pengelolaan sarana dan prasarana (2024) | WA3: Pengelolaan humas dan keprotokolan (2024) | WB3: Pelayanan Kepada Kolega dan Pelanggan | WC3: KREATIVITAS, INOVASI, DAN KEWIRAUSAHAAN (AKUNT) | WD3: Akuntansi perusahaan jasa, dagang dan manufaktur | WE3: Akuntansi lembaga/instansi pemerintah | WF3: Akuntansi keuangan | WG3: Komputer akuntansi | WH3: Perpajakan | WI3: KREATIVITAS, INOVASI, DAN KEWIRAUSAHAAN (DKV & Grafika) | WJ3: Prinsip Dasar Desain dan Komunikasi (2024) | WK3: Perangkat Lunak Desain | WL3: Menerapkan Design Brief | WM3: Karya Desain | WN3: Proses Produksi Desain | WO3: Teknik dasar proses produksi (2024) | WP3: Desain Siap Cetak Berbagai Jenis Produk Cetakan | WQ3: Perhitungan biaya produksi produk cetakan | WR3: Proses Pekerjaan Berbagai Teknik Cetak | WS3: Proses Pekerjaan Purna Cetak
B4: Produk | G4: Buku | H4: Penj/Retur | I4: Terkirim | J4: Expl | K4: Ekspedisi | L4: Tgl.Kirim | M4: Tgl. Retur dtg | N4: 1 | O4: 2 | P4: 3 | Q4: 4 | R4: 5 | S4: 6 | T4: 1 | U4: 2 | V4: 3 | W4: 4 | X4: 5 | Y4: 6 | Z4: 1 | AA4: 2 | AB4: 3 | AC4: 4 | AD4: 5 | AE4: 6 | AF4: 1 | AG4: 2 | AH4: 3 | AI4: 4 | AJ4: 5 | AK4: 6 | AL4: 3 | AM4: 3 | AN4: 4 | AO4: 4 | AP4: 5 | AQ4: 5 | AR4: 6 | AS4: 6 | AT4: 1 | AU4: 2 | AV4: 3 | AW4: 4 | AX4: 5 | AY4: 6 | AZ4: 1 | BA4: 2 | BB4: 3 | BC4: 4 | BD4: 5 | BE4: 6 | BF4: 1 | BG4: 2 | BH4: 3 | BI4: 4 | BJ4: 5 | BK4: 6 | BL4: 1 | BM4: 2 | BN4: 3 | BO4: 4 | BP4: 5 | BQ4: 6 | BR4: 1 | BS4: 2 | BT4: 3 | BU4: 4 | BV4: 5 | BW4: 6 | BX4: 1 | BY4: 2 | BZ4: 3 | CA4: 4 | CB4: 5 | CC4: 6 | CD4: 1 | CE4: 2 | CF4: 3 | CG4: 4 | CH4: 5 | CI4: 6 | CJ4: 7 | CK4: 8 | CL4: 9 | CM4: 7 | CN4: 8 | CO4: 9 | CP4: 7 | CQ4: 8 | CR4: 9 | CS4: 7 | CT4: 8 | CU4: 9 | CV4: 7 | CW4: 8 | CX4: 9 | CY4: 7 | CZ4: 8 | DA4: 9 | DB4: 7 | DC4: 8 | DD4: 9 | DE4: 7 | DF4: 8 | DG4: 9 | DH4: 7 | DI4: 8 | DJ4: 9 | DK4: 7 | DL4: 8 | DM4: 9 | DN4: 7 | DO4: 8 | DP4: 9 | DQ4: 7 | DR4: 8 | DS4: 9 | DT4: 7 | DU4: 8 | DV4: 9 | DW4: 7 | DX4: 8 | DY4: 9 | DZ4: 7 | EA4: 8 | EB4: 9 | EC4: 7 | ED4: 8 | EE4: 9 | EF4: 10 | EG4: 11 | EH4: 12 | EI4: 10 | EJ4: 11 | EK4: 12 | EL4: 10 | EM4: 11 | EN4: 12 | EO4: 11 | EP4: 12 | EQ4: 10 | ER4: 11 | ES4: 12 | ET4: 10 | EU4: 11 | EV4: 12 | EW4: 10 | EX4: 11 | EY4: 12 | EZ4: 10 | FA4: 11 | FB4: 12 | FC4: 11 | FD4: 12 | FE4: 10 | FF4: 11 | FG4: 12 | FH4: 10 | FI4: 11 | FJ4: 12 | FK4: 10 | FL4: 11 | FM4: 12 | FN4: 10 | FO4: 11 | FP4: 12 | FQ4: 11 | FR4: 12 | FS4: 10 | FT4: 11 | FU4: 12 | FV4: 10 | FW4: 11 | FX4: 12 | FY4: 10 | FZ4: 11 | GA4: 12 | GB4: 10 | GC4: 11 | GD4: 12 | GE4: 10 | GF4: 11 | GG4: 12 | GH4: 10 | GI4: 11 | GJ4: 12 | GK4: 10 | GL4: 11 | GM4: 12 | GN4: 10 | GO4: 11 | GP4: 12 | GQ4: 10 | GR4: 11 | GS4: 12 | GT4: 10 | GU4: 11 | GV4: 12 | GW4: 10 | GX4: 10 | GY4: 10 | GZ4: 11 | HA4: 12 | HB4: 1 | HC4: 2 | HD4: 3 | HE4: 4 | HF4: 5 | HG4: 6 | HH4: 1 | HI4: 2 | HJ4: 3 | HK4: 4 | HL4: 5 | HM4: 6 | HN4: 1 | HO4: 2 | HP4: 3 | HQ4: 4 | HR4: 5 | HS4: 6 | HT4: 1 | HU4: 2 | HV4: 3 | HW4: 4 | HX4: 5 | HY4: 6 | HZ4: 3 | IA4: 4 | IB4: 5 | IC4: 6 | ID4: 1 | IE4: 2 | IF4: 3 | IG4: 4 | IH4: 5 | II4: 6 | IJ4: 7 | IK4: 8 | IL4: 9 | IM4: 7 | IN4: 8 | IO4: 9 | IP4: 7 | IQ4: 8 | IR4: 9 | IS4: 7 | IT4: 8 | IU4: 9 | IV4: 7 | IW4: 8 | IX4: 9 | IY4: 10 | IZ4: 11 | JA4: 12 | JB4: 10 | JC4: 11 | JD4: 12 | JE4: 10 | JF4: 11 | JG4: 12 | JH4: 10 | JI4: 11 | JJ4: 12 | JK4: 10 | JL4: 11 | JM4: 12 | JN4: 1 | JO4: 2 | JP4: 3 | JQ4: 4 | JR4: 5 | JS4: 6 | JT4: 7 | JU4: 8 | JV4: 9 | JW4: 10 | JX4: 11 | JY4: 12 | JZ4: 1 | KA4: 2 | KB4: 3 | KC4: 4 | KD4: 5 | KE4: 6 | KF4: 1 | KG4: 2 | KH4: 3 | KI4: 4 | KJ4: 5 | KK4: 6 | KL4: 1 | KM4: 2 | KN4: 3 | KO4: 4 | KP4: 5 | KQ4: 6 | KR4: 1 | KS4: 2 | KT4: 3 | KU4: 4 | KV4: 5 | KW4: 6 | KX4: 5 | KY4: 6 | KZ4: 7 | LA4: 8 | LB4: 9 | LC4: 7 | LD4: 8 | LE4: 9 | LF4: 7 | LG4: 8 | LH4: 9 | LI4: 7 | LJ4: 8 | LK4: 9 | LL4: 7 | LM4: 8 | LN4: 9 | LO4: 7 | LP4: 8 | LQ4: 9 | LR4: 11 | LS4: 12 | LT4: 11 | LU4: 12 | LV4: 10 | LW4: 11 | LX4: 12 | LY4: 10 | LZ4: 11 | MA4: 12 | MB4: 10 | MC4: 11 | MD4: 12 | ME4: 10 | MF4: 11 | MG4: 12 | MH4: 10 | MI4: 11 | MJ4: 12 | MK4: 10 | ML4: 11 | MM4: 12 | MN4: 10 | MO4: 11 | MP4: 12 | MQ4: 12 | MR4: 12 | MS4: 12 | MT4: 12 | MU4: 12 | MV4: 12 | MW4: 12 | MX4: 12 | MY4: 12 | MZ4: 12 | NA4: 12 | NB4: 12 | NC4: 12 | ND4: 12 | NE4: 12 | NF4: 12 | NG4: 12 | NH4: 10 | NI4: 10 | NJ4: 10 | NK4: 10 | NL4: 10 | NM4: 10 | NN4: 10 | NO4: 10 | NP4: 10 | NQ4: 10 | NR4: 10 | NS4: 10 | NT4: 10 | NU4: 1 | NV4: 2 | NW4: 3 | NX4: 4 | NY4: 5 | NZ4: 6 | OA4: 7 | OB4: 8 | OC4: 9 | OD4: 10 | OE4: 11 | OF4: 12 | OG4: 13 | OH4: 14 | OI4: 15 | OJ4: 16 | OK4: 17 | OL4: 18 | OM4: 19 | ON4: 20 | OO4: 21 | OP4: 22 | OQ4: 23 | OR4: 24 | OS4: 25 | OT4: 26 | OU4: 27 | OV4: 28 | OW4: 29 | OX4: 30 | OY4: 31 | OZ4: 32 | PA4: 33 | PB4: 34 | PC4: 35 | PD4: 36 | PE4: 37 | PF4: 38 | PG4: 39 | PH4: 40 | PI4: 41 | PJ4: 42 | PK4: 43 | PL4: 44 | PM4: 45 | PN4: 46 | PO4: 47 | PP4: 48 | PQ4: 49 | PR4: 50 | PS4: 51 | PT4: 52 | PU4: 53 | PV4: 54 | PW4: 55 | PX4: 56 | PY4: 57 | PZ4: 58 | QA4: 59 | QB4: 60 | QC4: 61 | QD4: 62 | QE4: 63 | QF4: 64 | QG4: 65 | QH4: 66 | QI4: 67 | QJ4: 68 | QK4: 69 | QL4: 70 | QM4: 71 | QN4: 72 | QU4: 1 | QV4: 2 | QW4: 3 | QX4: 4 | QY4: 5 | QZ4: 6 | RA4: 7 | RB4: 8 | RC4: 9 | RD4: 10 | RE4: 11 | RF4: 12 | RG4: Umum | RH4: TK A | RI4: TK A | RJ4: TK A | RK4: TK A | RL4: TK A | RM4: TK A | RN4: TK A | RO4: TK A | RP4: TK A | RQ4: TK A | RR4: TK B | RS4: TK B | RT4: TK B | RU4: TK B | RV4: TK B | RW4: TK B | RX4: TK B | RY4: TK B | RZ4: TK B | SA4: TK B | SB4: 6 | SC4: 6 | SD4: 6 | SE4: 9 | SF4: 9 | SG4: 12 | SH4: 12 | SI4: 12 | SJ4: 12 | SK4: 12 | SL4: 12 | SM4: 12 | SN4: 12 | SO4: 12 | SP4: 12 | SQ4: 12 | SR4: 12 | SS4: 12 | ST4: 12 | SU4: 12 | SV4: 6 | SW4: 6 | SX4: 9 | SY4: 9 | SZ4: 9 | TA4: 9 | TB4: 9 | TC4: 9 | TD4: 9 | TE4: 12 | TF4: 12 | TG4: 12 | TH4: 12 | TI4: 12 | TJ4: 12 | TK4: 12 | TL4: 12 | TM4: 12 | TN4: 12 | TO4: 12 | TP4: 12 | TQ4: 12 | TR4: 12 | TS4: 6 | TT4: 9 | TU4: 9 | TV4: 9 | TW4: 9 | TX4: 9 | TY4: 12 | TZ4: 12 | UA4: 12 | UB4: 12 | UC4: 12 | UD4: 1 | UE4: 2 | UF4: 3 | UG4: 4 | UH4: 5 | UI4: 6 | UJ4: 7 | UK4: 8 | UL4: 9 | UM4: 10 | UN4: 11 | UO4: 12 | UP4: 13 | UQ4: 14 | UR4: 15 | US4: 16 | UT4: 17 | UU4: 18 | UV4: 19 | UW4: 20 | UX4: 21 | UY4: 22 | UZ4: 23 | VA4: 24 | VB4: 25 | VC4: 26 | VD4: 27 | VE4: 28 | VF4: 29 | VG4: 30 | VH4: 31 | VI4: 32 | VJ4: 33 | VK4: 34 | VL4: 35 | VM4: 36 | VN4: 37 | VO4: 38 | VP4: 39 | VQ4: 40 | VR4: 41 | VS4: 42 | VT4: 43 | VU4: 44 | VV4: 45 | VW4: 46 | VX4: 47 | VY4: 48 | VZ4: 49 | WA4: 50 | WB4: 51 | WC4: 52 | WD4: 53 | WE4: 54 | WF4: 55 | WG4: 56 | WH4: 57 | WI4: 58 | WJ4: 59 | WK4: 60 | WL4: 61 | WM4: 62 | WN4: 63 | WO4: 64 | WP4: 65 | WQ4: 66 | WR4: 67 | WS4: 68
B5: SD | C5: =REKAP!$J$6 -> 0 | D5: =REKAP!$J$4 -> 0 | E5: =REKAP!$J$5 -> 0 | G5: LKS | H5: Penjualan | J5: =SUM(N5:AEW5) -> 0 | T5: =sd!$F$6 -> 0 | U5: =sd!$F$7 -> 0 | V5: =sd!$F$8 -> 0 | W5: =sd!$F$9 -> 0 | X5: =sd!$F$10 -> 0 | Y5: =sd!$F$11 -> 0 | Z5: =sd!$F$12 -> 0 | AA5: =sd!$F$13 -> 0 | AB5: =sd!$F$14 -> 0 | AC5: =sd!$F$15 -> 0 | AD5: =sd!$F$16 -> 0 | AE5: =sd!$F$17 -> 0 | AF5: =sd!$F$18 -> 0 | AG5: =sd!$F$19 -> 0 | AH5: =sd!$F$20 -> 0 | AI5: =sd!$F$21 -> 0 | AJ5: =sd!$F$22 -> 0 | AK5: =sd!$F$23 -> 0 | AL5: =sd!$F$24 -> 0 | AM5: =sd!$F$25 -> 0 | AN5: =sd!$F$26 -> 0 | AO5: =sd!$F$27 -> 0 | AP5: =sd!$F$28 -> 0 | AQ5: =sd!$F$29 -> 0 | AR5: =sd!$F$30 -> 0 | AS5: =sd!$F$31 -> 0 | AT5: =sd!$F$32 -> 0 | AU5: =sd!$F$33 -> 0 | AV5: =sd!$F$34 -> 0 | AW5: =sd!$F$35 -> 0 | AX5: =sd!$F$36 -> 0 | AY5: =sd!$F$37 -> 0 | AZ5: =sd!$F$38 -> 0 | BA5: =sd!$F$39 -> 0 | BB5: =sd!$F$40 -> 0 | BC5: =sd!$F$41 -> 0 | BD5: =sd!$F$42 -> 0 | BE5: =sd!$F$43 -> 0 | BF5: =sd!$F$44 -> 0 | BG5: =sd!$F$45 -> 0 | BH5: =sd!$F$46 -> 0 | BI5: =sd!$F$47 -> 0 | BJ5: =sd!$F$48 -> 0 | BK5: =sd!$F$49 -> 0 | BL5: =sd!$F$50 -> 0 | BM5: =sd!$F$51 -> 0 | BN5: =sd!$F$52 -> 0 | BO5: =sd!$F$53 -> 0 | BP5: =sd!$F$54 -> 0 | BQ5: =sd!$F$55 -> 0 | BR5: =sd!$F$56 -> 0 | BS5: =sd!$F$57 -> 0 | BT5: =sd!$F$58 -> 0 | BU5: =sd!$F$59 -> 0 | BV5: =sd!$F$60 -> 0 | BW5: =sd!$F$61 -> 0 | BX5: =sd!$F$62 -> 0 | BY5: =sd!$F$63 -> 0 | BZ5: =sd!$F$64 -> 0 | CA5: =sd!$F$65 -> 0 | CB5: =sd!$F$66 -> 0 | CC5: =sd!$F$67 -> 0 | CD5: =sd!$F$74 -> 0 | CE5: =sd!$F$75 -> 0 | CF5: =sd!$F$76 -> 0 | CG5: =sd!$F$77 -> 0 | CH5: =sd!$F$78 -> 0 | CI5: =sd!$F$79 -> 0 | AEX5: Batas
B6: PG SD | C6: =REKAP!$J$6 -> 0 | D6: =REKAP!$J$4 -> 0 | E6: =REKAP!$J$5 -> 0 | G6: PG | H6: Sample | J6: =SUM(N6:AEW6) -> 0 | N6: =ROUND(N54,0) -> 0 | O6: =ROUND(O54,0) -> 0 | P6: =ROUND(P54,0) -> 0 | Q6: =ROUND(Q54,0) -> 0 | R6: =ROUND(R54,0) -> 0 | S6: =ROUND(S54,0) -> 0 | T6: =ROUND(T54,0) -> 0 | U6: =ROUND(U54,0) -> 0 | ... AEW6: =ROUND(AEW54,0) -> 0 | AEX6: Batas
B7: PG SD | C7: =REKAP!$J$6 -> 0 | D7: =REKAP!$J$4 -> 0 | E7: =REKAP!$J$5 -> 0 | G7: PG | H7: Penjualan | J7: =SUM(N7:AEW7) -> 0 | T7: =sd!$I$6 -> 0 | U7: =sd!$I$7 -> 0 | V7: =sd!$I$8 -> 0 | W7: =sd!$I$9 -> 0 | X7: =sd!$I$10 -> 0 | Y7: =sd!$I$11 -> 0 | Z7: =sd!$I$12 -> 0 | AA7: =sd!$I$13 -> 0 | AB7: =sd!$I$14 -> 0 | AC7: =sd!$I$15 -> 0 | AD7: =sd!$I$16 -> 0 | AE7: =sd!$I$17 -> 0 | AF7: =sd!$I$18 -> 0 | AG7: =sd!$I$19 -> 0 | AH7: =sd!$I$20 -> 0 | AI7: =sd!$I$21 -> 0 | AJ7: =sd!$I$22 -> 0 | AK7: =sd!$I$23 -> 0 | AL7: =sd!$I$24 -> 0 | AM7: =sd!$I$25 -> 0 | AN7: =sd!$I$26 -> 0 | AO7: =sd!$I$27 -> 0 | AP7: =sd!$I$28 -> 0 | AQ7: =sd!$I$29 -> 0 | AR7: =sd!$I$30 -> 0 | AS7: =sd!$I$31 -> 0 | AT7: =sd!$I$32 -> 0 | AU7: =sd!$I$33 -> 0 | AV7: =sd!$I$34 -> 0 | AW7: =sd!$I$35 -> 0 | AX7: =sd!$I$36 -> 0 | AY7: =sd!$I$37 -> 0 | AZ7: =sd!$I$38 -> 0 | BA7: =sd!$I$39 -> 0 | BB7: =sd!$I$40 -> 0 | BC7: =sd!$I$41 -> 0 | BD7: =sd!$I$42 -> 0 | BE7: =sd!$I$43 -> 0 | BF7: =sd!$I$44 -> 0 | BG7: =sd!$I$45 -> 0 | BH7: =sd!$I$46 -> 0 | BI7: =sd!$I$47 -> 0 | BJ7: =sd!$I$48 -> 0 | BK7: =sd!$I$49 -> 0 | BL7: =sd!$I$50 -> 0 | BM7: =sd!$I$51 -> 0 | BN7: =sd!$I$52 -> 0 | BO7: =sd!$I$53 -> 0 | BP7: =sd!$I$54 -> 0 | BQ7: =sd!$I$55 -> 0 | BR7: =sd!$I$56 -> 0 | BS7: =sd!$I$57 -> 0 | BT7: =sd!$I$58 -> 0 | BU7: =sd!$I$59 -> 0 | BV7: =sd!$I$60 -> 0 | BW7: =sd!$I$61 -> 0 | BX7: =sd!$I$62 -> 0 | BY7: =sd!$I$63 -> 0 | BZ7: =sd!$I$64 -> 0 | CA7: =sd!$I$65 -> 0 | CB7: =sd!$I$66 -> 0 | CC7: =sd!$I$67 -> 0 | CD7: =sd!$I$74 -> 0 | CE7: =sd!$I$75 -> 0 | CF7: =sd!$I$76 -> 0 | CG7: =sd!$I$77 -> 0 | CH7: =sd!$I$78 -> 0 | CI7: =sd!$I$79 -> 0
B8: SMP | C8: =REKAP!$J$6 -> 0 | D8: =REKAP!$J$4 -> 0 | E8: =REKAP!$J$5 -> 0 | G8: LKS | H8: Penjualan | J8: =SUM(N8:AEW8) -> 0 | CJ8: =SMP!$F$6 -> 0 | CK8: =SMP!$F$7 -> 0 | CL8: =SMP!$F$8 -> 0 | CM8: =SMP!$F$9 -> 0 | CN8: =SMP!$F$10 -> 0 | CO8: =SMP!$F$11 -> 0 | CP8: =SMP!$F$12 -> 0 | CQ8: =SMP!$F$13 -> 0 | CR8: =SMP!$F$14 -> 0 | CS8: =SMP!$F$15 -> 0 | CT8: =SMP!$F$16 -> 0 | CU8: =SMP!$F$17 -> 0 | CV8: =SMP!$F$18 -> 0 | CW8: =SMP!$F$19 -> 0 | CX8: =SMP!$F$20 -> 0 | CY8: =SMP!$F$21 -> 0 | CZ8: =SMP!$F$22 -> 0 | DA8: =SMP!$F$23 -> 0 | DB8: =SMP!$F$24 -> 0 | DC8: =SMP!$F$25 -> 0 | DD8: =SMP!$F$26 -> 0 | DE8: =SMP!$F$27 -> 0 | DF8: =SMP!$F$28 -> 0 | DG8: =SMP!$F$29 -> 0 | DH8: =SMP!$F$30 -> 0 | DI8: =SMP!$F$31 -> 0 | DJ8: =SMP!$F$32 -> 0 | DK8: =SMP!$F$33 -> 0 | DL8: =SMP!$F$34 -> 0 | DM8: =SMP!$F$35 -> 0 | DN8: =SMP!$F$36 -> 0 | DO8: =SMP!$F$37 -> 0 | DP8: =SMP!$F$38 -> 0 | DQ8: =SMP!$F$45 -> 0 | DR8: =SMP!$F$46 -> 0 | DS8: =SMP!$F$47 -> 0 | DT8: =SMP!$F$48 -> 0 | DU8: =SMP!$F$49 -> 0 | DV8: =SMP!$F$50 -> 0 | DW8: =SMP!$F$54 -> 0 | DX8: =SMP!$F$55 -> 0 | DY8: =SMP!$F$56 -> 0 | DZ8: =SMP!$F$57 -> 0 | EA8: =SMP!$F$58 -> 0 | EB8: =SMP!$F$59 -> 0 | EC8: =SMP!$F$60 -> 0 | ED8: =SMP!$F$61 -> 0 | EE8: =SMP!$F$62 -> 0 | AEX8: Batas
B9: PG SMP | C9: =REKAP!$J$6 -> 0 | D9: =REKAP!$J$4 -> 0 | E9: =REKAP!$J$5 -> 0 | G9: PG | H9: Sample | J9: =SUM(N9:AEW9) -> 0 | N9: =ROUND(N55,0) -> 0 | O9: =ROUND(O55,0) -> 0 | P9: =ROUND(P55,0) -> 0 | Q9: =ROUND(Q55,0) -> 0 | R9: =ROUND(R55,0) -> 0 | S9: =ROUND(S55,0) -> 0 | T9: =ROUND(T55,0) -> 0 | U9: =ROUND(U55,0) -> 0 | ... AEW9: =ROUND(AEW55,0) -> 0 | AEX9: Batas
B10: PG SMP | C10: =REKAP!$J$6 -> 0 | D10: =REKAP!$J$4 -> 0 | E10: =REKAP!$J$5 -> 0 | G10: PG | H10: Penjualan | J10: =SUM(N10:AEW10) -> 0 | CJ10: =SMP!$I$6 -> 0 | CK10: =SMP!$I$7 -> 0 | CL10: =SMP!$I$8 -> 0 | CM10: =SMP!$I$9 -> 0 | CN10: =SMP!$I$10 -> 0 | CO10: =SMP!$I$11 -> 0 | CP10: =SMP!$I$12 -> 0 | CQ10: =SMP!$I$13 -> 0 | CR10: =SMP!$I$14 -> 0 | CS10: =SMP!$I$15 -> 0 | CT10: =SMP!$I$16 -> 0 | CU10: =SMP!$I$17 -> 0 | CV10: =SMP!$I$18 -> 0 | CW10: =SMP!$I$19 -> 0 | CX10: =SMP!$I$20 -> 0 | CY10: =SMP!$I$21 -> 0 | CZ10: =SMP!$I$22 -> 0 | DA10: =SMP!$I$23 -> 0 | DB10: =SMP!$I$24 -> 0 | DC10: =SMP!$I$25 -> 0 | DD10: =SMP!$I$26 -> 0 | DE10: =SMP!$I$27 -> 0 | DF10: =SMP!$I$28 -> 0 | DG10: =SMP!$I$29 -> 0 | DH10: =SMP!$I$30 -> 0 | DI10: =SMP!$I$31 -> 0 | DJ10: =SMP!$I$32 -> 0 | DK10: =SMP!$I$33 -> 0 | DL10: =SMP!$I$34 -> 0 | DM10: =SMP!$I$35 -> 0 | DN10: =SMP!$I$36 -> 0 | DO10: =SMP!$I$37 -> 0 | DP10: =SMP!$I$38 -> 0 | DQ10: =SMP!$I$45 -> 0 | DR10: =SMP!$I$46 -> 0 | DS10: =SMP!$I$47 -> 0 | DT10: =SMP!$I$48 -> 0 | DU10: =SMP!$I$49 -> 0 | DV10: =SMP!$I$50 -> 0 | DW10: =SMP!$I$54 -> 0 | DX10: =SMP!$I$55 -> 0 | DY10: =SMP!$I$56 -> 0 | DZ10: =SMP!$I$57 -> 0 | EA10: =SMP!$I$58 -> 0 | EB10: =SMP!$I$59 -> 0 | EC10: =SMP!$I$60 -> 0 | ED10: =SMP!$I$61 -> 0 | EE10: =SMP!$I$62 -> 0
B11: SMA | C11: =REKAP!$J$6 -> 0 | D11: =REKAP!$J$4 -> 0 | E11: =REKAP!$J$5 -> 0 | G11: LKS | H11: Penjualan | J11: =SUM(N11:AEW11) -> 0 | EF11: =SMA!$F$6 -> 0 | EG11: =SMA!$F$7 -> 0 | EH11: =SMA!$F$8 -> 0 | EI11: =SMA!$F$9 -> 0 | EJ11: =SMA!$F$10 -> 0 | EK11: =SMA!$F$11 -> 0 | EL11: =SMA!$F$14 -> 0 | EM11: =SMA!$F$15 -> 0 | EN11: =SMA!$F$16 -> 0 | EO11: =SMA!$F$17 -> 0 | EP11: =SMA!$F$18 -> 0 | EQ11: =SMA!$F$19 -> 0 | ER11: =SMA!$F$20 -> 0 | ES11: =SMA!$F$21 -> 0 | ET11: =SMA!$F$22 -> 0 | EU11: =SMA!$F$23 -> 0 | EV11: =SMA!$F$24 -> 0 | EW11: =SMA!$F$25 -> 0 | EX11: =SMA!$F$26 -> 0 | EY11: =SMA!$F$27 -> 0 | EZ11: =SMA!$F$28 -> 0 | FA11: =SMA!$F$29 -> 0 | FB11: =SMA!$F$30 -> 0 | FC11: =SMA!$F$31 -> 0 | FD11: =SMA!$F$32 -> 0 | FE11: =SMA!$F$33 -> 0 | FF11: =SMA!$F$34 -> 0 | FG11: =SMA!$F$35 -> 0 | FH11: =SMA!$F$36 -> 0 | FI11: =SMA!$F$37 -> 0 | FJ11: =SMA!$F$38 -> 0 | FK11: =SMA!$F$39 -> 0 | FL11: =SMA!$F$40 -> 0 | FM11: =SMA!$F$41 -> 0 | FN11: =SMA!$F$44 -> 0 | FO11: =SMA!$F$45 -> 0 | FP11: =SMA!$F$46 -> 0 | FQ11: =SMA!$F$47 -> 0 | FR11: =SMA!$F$48 -> 0 | FS11: =SMA!$F$49 -> 0 | FT11: =SMA!$F$50 -> 0 | FU11: =SMA!$F$51 -> 0 | FV11: =SMA!$F$52 -> 0 | FW11: =SMA!$F$53 -> 0 | FX11: =SMA!$F$54 -> 0 | FY11: =SMA!$F$55 -> 0 | FZ11: =SMA!$F$56 -> 0 | GA11: =SMA!$F$57 -> 0 | GB11: =SMA!$F$58 -> 0 | GC11: =SMA!$F$59 -> 0 | GD11: =SMA!$F$60 -> 0 | GE11: =SMA!$F$61 -> 0 | GF11: =SMA!$F$62 -> 0 | GG11: =SMA!$F$63 -> 0 | GH11: =SMA!$F$70 -> 0 | GI11: =SMA!$F$71 -> 0 | GJ11: =SMA!$F$72 -> 0 | GK11: =SMA!$F$73 -> 0 | GL11: =SMA!$F$74 -> 0 | GM11: =SMA!$F$75 -> 0 | GN11: =SMA!$F$79 -> 0 | GO11: =SMA!$F$80 -> 0 | GP11: =SMA!$F$81 -> 0 | GQ11: =SMA!$F$82 -> 0 | GR11: =SMA!$F$83 -> 0 | GS11: =SMA!$F$84 -> 0 | GT11: =SMA!$F$85 -> 0 | GU11: =SMA!$F$86 -> 0 | GV11: =SMA!$F$87 -> 0 | AEX11: Batas
B12: PG SMA | C12: =REKAP!$J$6 -> 0 | D12: =REKAP!$J$4 -> 0 | E12: =REKAP!$J$5 -> 0 | G12: PG | H12: Sample | J12: =SUM(N12:AEW12) -> 0 | N12: =ROUND(N56,0) -> 0 | O12: =ROUND(O56,0) -> 0 | P12: =ROUND(P56,0) -> 0 | Q12: =ROUND(Q56,0) -> 0 | R12: =ROUND(R56,0) -> 0 | S12: =ROUND(S56,0) -> 0 | T12: =ROUND(T56,0) -> 0 | U12: =ROUND(U56,0) -> 0 | ... AEW12: =ROUND(AEW56,0) -> 0 | AEX12: Batas
B13: PG SMA | C13: =REKAP!$J$6 -> 0 | D13: =REKAP!$J$4 -> 0 | E13: =REKAP!$J$5 -> 0 | G13: PG | H13: Penjualan | J13: =SUM(N13:AEW13) -> 0 | EF13: =SMA!$I$6 -> 0 | EG13: =SMA!$I$7 -> 0 | EH13: =SMA!$I$8 -> 0 | EI13: =SMA!$I$9 -> 0 | EJ13: =SMA!$I$10 -> 0 | EK13: =SMA!$I$11 -> 0 | EL13: =SMA!$I$14 -> 0 | EM13: =SMA!$I$15 -> 0 | EN13: =SMA!$I$16 -> 0 | EO13: =SMA!$I$17 -> 0 | EP13: =SMA!$I$18 -> 0 | EQ13: =SMA!$I$19 -> 0 | ER13: =SMA!$I$20 -> 0 | ES13: =SMA!$I$21 -> 0 | ET13: =SMA!$I$22 -> 0 | EU13: =SMA!$I$23 -> 0 | EV13: =SMA!$I$24 -> 0 | EW13: =SMA!$I$25 -> 0 | EX13: =SMA!$I$26 -> 0 | EY13: =SMA!$I$27 -> 0 | EZ13: =SMA!$I$28 -> 0 | FA13: =SMA!$I$29 -> 0 | FB13: =SMA!$I$30 -> 0 | FC13: =SMA!$I$31 -> 0 | FD13: =SMA!$I$32 -> 0 | FE13: =SMA!$I$33 -> 0 | FF13: =SMA!$I$34 -> 0 | FG13: =SMA!$I$35 -> 0 | FH13: =SMA!$I$36 -> 0 | FI13: =SMA!$I$37 -> 0 | FJ13: =SMA!$I$38 -> 0 | FK13: =SMA!$I$39 -> 0 | FL13: =SMA!$I$40 -> 0 | FM13: =SMA!$I$41 -> 0 | FN13: =SMA!$I$44 -> 0 | FO13: =SMA!$I$45 -> 0 | FP13: =SMA!$I$46 -> 0 | FQ13: =SMA!$I$47 -> 0 | FR13: =SMA!$I$48 -> 0 | FS13: =SMA!$I$49 -> 0 | FT13: =SMA!$I$50 -> 0 | FU13: =SMA!$I$51 -> 0 | FV13: =SMA!$I$52 -> 0 | FW13: =SMA!$I$53 -> 0 | FX13: =SMA!$I$54 -> 0 | FY13: =SMA!$I$55 -> 0 | FZ13: =SMA!$I$56 -> 0 | GA13: =SMA!$I$57 -> 0 | GB13: =SMA!$I$58 -> 0 | GC13: =SMA!$I$59 -> 0 | GD13: =SMA!$I$60 -> 0 | GE13: =SMA!$I$61 -> 0 | GF13: =SMA!$I$62 -> 0 | GG13: =SMA!$I$63 -> 0 | GH13: =SMA!$I$70 -> 0 | GI13: =SMA!$I$71 -> 0 | GJ13: =SMA!$I$72 -> 0 | GK13: =SMA!$I$73 -> 0 | GL13: =SMA!$I$74 -> 0 | GM13: =SMA!$I$75 -> 0 | GN13: =SMA!$I$79 -> 0 | GO13: =SMA!$I$80 -> 0 | GP13: =SMA!$I$81 -> 0 | GQ13: =SMA!$I$82 -> 0 | GR13: =SMA!$I$83 -> 0 | GS13: =SMA!$I$84 -> 0 | GT13: =SMA!$I$85 -> 0 | GU13: =SMA!$I$86 -> 0 | GV13: =SMA!$I$87 -> 0
B14: SMK | C14: =REKAP!$J$6 -> 0 | D14: =REKAP!$J$4 -> 0 | E14: =REKAP!$J$5 -> 0 | G14: LKS | H14: Penjualan | J14: =SUM(N14:AEW14) -> 0 | GW14: =SMK!$G$6 -> 0 | GX14: =SMK!$G$7 -> 0 | GY14: =SMK!$G$8 -> 0 | GZ14: =SMK!$G$9 -> 0 | HA14: =SMK!$G$10 -> 0 | AEX14: Batas
B15: PG SMK | C15: =REKAP!$J$6 -> 0 | D15: =REKAP!$J$4 -> 0 | E15: =REKAP!$J$5 -> 0 | G15: PG | H15: Sample | J15: =SUM(N15:AEW15) -> 0 | N15: =ROUND(N57,0) -> 0 | O15: =ROUND(O57,0) -> 0 | P15: =ROUND(P57,0) -> 0 | Q15: =ROUND(Q57,0) -> 0 | R15: =ROUND(R57,0) -> 0 | S15: =ROUND(S57,0) -> 0 | T15: =ROUND(T57,0) -> 0 | U15: =ROUND(U57,0) -> 0 | ... AEW15: =ROUND(AEW57,0) -> 0 | AEX15: Batas
B16: PG SMK | C16: =REKAP!$J$6 -> 0 | D16: =REKAP!$J$4 -> 0 | E16: =REKAP!$J$5 -> 0 | G16: PG | H16: Penjualan | J16: =SUM(N16:AEW16) -> 0 | GW16: =SMK!$I$6 -> 0 | GX16: =SMK!$I$7 -> 0 | GY16: =SMK!$I$8 -> 0 | GZ16: =SMK!$I$9 -> 0 | HA16: =SMK!$I$10 -> 0
B17: MADRASAH | C17: =REKAP!$J$6 -> 0 | D17: =REKAP!$J$4 -> 0 | E17: =REKAP!$J$5 -> 0 | G17: LKS | H17: Penjualan | J17: =SUM(N17:AEW17) -> 0 | HB17: =MADRASAH!$G$6 -> 0 | HC17: =MADRASAH!$G$7 -> 0 | HD17: =MADRASAH!$G$8 -> 0 | HE17: =MADRASAH!$G$9 -> 0 | HF17: =MADRASAH!$G$10 -> 0 | HG17: =MADRASAH!$G$11 -> 0 | HH17: =MADRASAH!$G$12 -> 0 | HI17: =MADRASAH!$G$13 -> 0 | HJ17: =MADRASAH!$G$14 -> 0 | HK17: =MADRASAH!$G$15 -> 0 | HL17: =MADRASAH!$G$16 -> 0 | HM17: =MADRASAH!$G$17 -> 0 | HN17: =MADRASAH!$G$18 -> 0 | HO17: =MADRASAH!$G$19 -> 0 | HP17: =MADRASAH!$G$20 -> 0 | HQ17: =MADRASAH!$G$21 -> 0 | HR17: =MADRASAH!$G$22 -> 0 | HS17: =MADRASAH!$G$23 -> 0 | HT17: =MADRASAH!$G$24 -> 0 | HU17: =MADRASAH!$G$25 -> 0 | HV17: =MADRASAH!$G$26 -> 0 | HW17: =MADRASAH!$G$27 -> 0 | HX17: =MADRASAH!$G$28 -> 0 | HY17: =MADRASAH!$G$29 -> 0 | HZ17: =MADRASAH!$G$30 -> 0 | IA17: =MADRASAH!$G$31 -> 0 | IB17: =MADRASAH!$G$32 -> 0 | IC17: =MADRASAH!$G$33 -> 0 | ID17: =MADRASAH!$G$34 -> 0 | IE17: =MADRASAH!$G$35 -> 0 | IF17: =MADRASAH!$G$36 -> 0 | IG17: =MADRASAH!$G$37 -> 0 | IH17: =MADRASAH!$G$38 -> 0 | II17: =MADRASAH!$G$39 -> 0 | IJ17: =MADRASAH!$G$40 -> 0 | IK17: =MADRASAH!$G$41 -> 0 | IL17: =MADRASAH!$G$42 -> 0 | IM17: =MADRASAH!$G$43 -> 0 | IN17: =MADRASAH!$G$44 -> 0 | IO17: =MADRASAH!$G$45 -> 0 | IP17: =MADRASAH!$G$46 -> 0 | IQ17: =MADRASAH!$G$47 -> 0 | IR17: =MADRASAH!$G$48 -> 0 | IS17: =MADRASAH!$G$49 -> 0 | IT17: =MADRASAH!$G$50 -> 0 | IU17: =MADRASAH!$G$51 -> 0 | IV17: =MADRASAH!$G$52 -> 0 | IW17: =MADRASAH!$G$53 -> 0 | IX17: =MADRASAH!$G$54 -> 0 | IY17: =MADRASAH!$G$55 -> 0 | IZ17: =MADRASAH!$G$56 -> 0 | JA17: =MADRASAH!$G$57 -> 0 | JB17: =MADRASAH!$G$58 -> 0 | JC17: =MADRASAH!$G$59 -> 0 | JD17: =MADRASAH!$G$60 -> 0 | JE17: =MADRASAH!$G$61 -> 0 | JF17: =MADRASAH!$G$62 -> 0 | JG17: =MADRASAH!$G$63 -> 0 | JH17: =MADRASAH!$G$64 -> 0 | JI17: =MADRASAH!$G$65 -> 0 | JJ17: =MADRASAH!$G$66 -> 0 | JK17: =MADRASAH!$G$67 -> 0 | JL17: =MADRASAH!$G$68 -> 0 | JM17: =MADRASAH!$G$69 -> 0 | AEX17: Batas
B18: PG MADRASAH | C18: =REKAP!$J$6 -> 0 | D18: =REKAP!$J$4 -> 0 | E18: =REKAP!$J$5 -> 0 | G18: PG | H18: Sample | J18: =SUM(N18:AEW18) -> 0 | N18: =ROUND(N58,0) -> 0 | O18: =ROUND(O58,0) -> 0 | P18: =ROUND(P58,0) -> 0 | Q18: =ROUND(Q58,0) -> 0 | R18: =ROUND(R58,0) -> 0 | S18: =ROUND(S58,0) -> 0 | T18: =ROUND(T58,0) -> 0 | U18: =ROUND(U58,0) -> 0 | ... AEW18: =ROUND(AEW58,0) -> 0 | AEX18: Batas
B19: PG MADRASAH | C19: =REKAP!$J$6 -> 0 | D19: =REKAP!$J$4 -> 0 | E19: =REKAP!$J$5 -> 0 | G19: PG | H19: Penjualan | J19: =SUM(N19:AEW19) -> 0 | HB19: =MADRASAH!$J$6 -> 0 | HC19: =MADRASAH!$J$7 -> 0 | HD19: =MADRASAH!$J$8 -> 0 | HE19: =MADRASAH!$J$9 -> 0 | HF19: =MADRASAH!$J$10 -> 0 | HG19: =MADRASAH!$J$11 -> 0 | HH19: =MADRASAH!$J$12 -> 0 | HI19: =MADRASAH!$J$13 -> 0 | HJ19: =MADRASAH!$J$14 -> 0 | HK19: =MADRASAH!$J$15 -> 0 | HL19: =MADRASAH!$J$16 -> 0 | HM19: =MADRASAH!$J$17 -> 0 | HN19: =MADRASAH!$J$18 -> 0 | HO19: =MADRASAH!$J$19 -> 0 | HP19: =MADRASAH!$J$20 -> 0 | HQ19: =MADRASAH!$J$21 -> 0 | HR19: =MADRASAH!$J$22 -> 0 | HS19: =MADRASAH!$J$23 -> 0 | HT19: =MADRASAH!$J$24 -> 0 | HU19: =MADRASAH!$J$25 -> 0 | HV19: =MADRASAH!$J$26 -> 0 | HW19: =MADRASAH!$J$27 -> 0 | HX19: =MADRASAH!$J$28 -> 0 | HY19: =MADRASAH!$J$29 -> 0 | HZ19: =MADRASAH!$J$30 -> 0 | IA19: =MADRASAH!$J$31 -> 0 | IB19: =MADRASAH!$J$32 -> 0 | IC19: =MADRASAH!$J$33 -> 0 | ID19: =MADRASAH!$J$34 -> 0 | IE19: =MADRASAH!$J$35 -> 0 | IF19: =MADRASAH!$J$36 -> 0 | IG19: =MADRASAH!$J$37 -> 0 | IH19: =MADRASAH!$J$38 -> 0 | II19: =MADRASAH!$J$39 -> 0 | IJ19: =MADRASAH!$J$40 -> 0 | IK19: =MADRASAH!$J$41 -> 0 | IL19: =MADRASAH!$J$42 -> 0 | IM19: =MADRASAH!$J$43 -> 0 | IN19: =MADRASAH!$J$44 -> 0 | IO19: =MADRASAH!$J$45 -> 0 | IP19: =MADRASAH!$J$46 -> 0 | IQ19: =MADRASAH!$J$47 -> 0 | IR19: =MADRASAH!$J$48 -> 0 | IS19: =MADRASAH!$J$49 -> 0 | IT19: =MADRASAH!$J$50 -> 0 | IU19: =MADRASAH!$J$51 -> 0 | IV19: =MADRASAH!$J$52 -> 0 | IW19: =MADRASAH!$J$53 -> 0 | IX19: =MADRASAH!$J$54 -> 0 | IY19: =MADRASAH!$J$55 -> 0 | IZ19: =MADRASAH!$J$56 -> 0 | JA19: =MADRASAH!$J$57 -> 0 | JB19: =MADRASAH!$J$58 -> 0 | JC19: =MADRASAH!$J$59 -> 0 | JD19: =MADRASAH!$J$60 -> 0 | JE19: =MADRASAH!$J$61 -> 0 | JF19: =MADRASAH!$J$62 -> 0 | JG19: =MADRASAH!$J$63 -> 0 | JH19: =MADRASAH!$J$64 -> 0 | JI19: =MADRASAH!$J$65 -> 0 | JJ19: =MADRASAH!$J$66 -> 0 | JK19: =MADRASAH!$J$67 -> 0 | JL19: =MADRASAH!$J$68 -> 0 | JM19: =MADRASAH!$J$69 -> 0
B20: BAJATIM | C20: =REKAP!$J$6 -> 0 | D20: =REKAP!$J$4 -> 0 | E20: =REKAP!$J$5 -> 0 | G20: LKS | H20: Penjualan | J20: =SUM(N20:AEW20) -> 0 | JN20: =sd!$F$86 -> 0 | JO20: =sd!$F$87 -> 0 | JP20: =sd!$F$88 -> 0 | JQ20: =sd!$F$89 -> 0 | JR20: =sd!$F$90 -> 0 | JS20: =sd!$F$91 -> 0 | JT20: =SMP!$F$63 -> 0 | JU20: =SMP!$F$64 -> 0 | JV20: =SMP!$F$65 -> 0 | JW20: =SMA!$F$88 -> 0 | JX20: =SMA!$F$89 -> 0 | JY20: =SMA!$F$90 -> 0 | AEX20: Batas
B21: PG BAJATIM | C21: =REKAP!$J$6 -> 0 | D21: =REKAP!$J$4 -> 0 | E21: =REKAP!$J$5 -> 0 | G21: PG | H21: Sample | J21: =SUM(N21:AEW21) -> 0 | N21: =ROUND(N59,0) -> 0 | O21: =ROUND(O59,0) -> 0 | P21: =ROUND(P59,0) -> 0 | Q21: =ROUND(Q59,0) -> 0 | R21: =ROUND(R59,0) -> 0 | S21: =ROUND(S59,0) -> 0 | T21: =ROUND(T59,0) -> 0 | U21: =ROUND(U59,0) -> 0 | ... AEW21: =ROUND(AEW59,0) -> 0 | AEX21: Batas
B22: PG BAJATIM | C22: =REKAP!$J$6 -> 0 | D22: =REKAP!$J$4 -> 0 | E22: =REKAP!$J$5 -> 0 | G22: PG | H22: Penjualan | J22: =SUM(N22:AEW22) -> 0 | JN22: =sd!$I$86 -> 0 | JO22: =sd!$I$87 -> 0 | JP22: =sd!$I$88 -> 0 | JQ22: =sd!$I$89 -> 0 | JR22: =sd!$I$90 -> 0 | JS22: =sd!$I$91 -> 0 | JT22: =SMP!$I$63 -> 0 | JU22: =SMP!$I$64 -> 0 | JV22: =SMP!$I$65 -> 0 | JW22: =SMA!$I$88 -> 0 | JX22: =SMA!$I$89 -> 0 | JY22: =SMA!$I$90 -> 0
B23: PRIMA | C23: =REKAP!$J$6 -> 0 | D23: =REKAP!$J$4 -> 0 | E23: =REKAP!$J$5 -> 0 | G23: LKS | H23: Penjualan | J23: =SUM(N23:AEW23) -> 0 | JZ23: =sd!$F$80 -> 0 | KA23: =sd!$F$81 -> 0 | KB23: =sd!$F$82 -> 0 | KC23: =sd!$F$83 -> 0 | KD23: =sd!$F$84 -> 0 | KE23: =sd!$F$85 -> 0 | KF23: =sd!$F$68 -> 0 | KG23: =sd!$F$69 -> 0 | KH23: =sd!$F$70 -> 0 | KI23: =sd!$F$71 -> 0 | KJ23: =sd!$F$72 -> 0 | KK23: =sd!$F$73 -> 0 | KL23: =sd!$R$12 -> 0 | KM23: =sd!$R$13 -> 0 | KN23: =sd!$R$14 -> 0 | KO23: =sd!$R$15 -> 0 | KP23: =sd!$R$16 -> 0 | KQ23: =sd!$R$17 -> 0 | KR23: =sd!$R6 -> 0 | KS23: =sd!$R7 -> 0 | KT23: =sd!$R8 -> 0 | KU23: =sd!$R9 -> 0 | KV23: =sd!$R10 -> 0 | KW23: =sd!$R11 -> 0 | KX23: =sd!F92 -> 0 | KY23: =sd!F93 -> 0 | KZ23: =SMP!$F$39 -> 0 | LA23: =SMP!$F$40 -> 0 | LB23: =SMP!$F$41 -> 0 | LC23: =SMP!$F$42 -> 0 | LD23: =SMP!$F$43 -> 0 | LE23: =SMP!$F$44 -> 0 | LF23: =SMP!$F$51 -> 0 | LG23: =SMP!$F$52 -> 0 | LH23: =SMP!$F$53 -> 0 | LI23: =SMP!$F$72 -> 0 | LJ23: =SMP!$F$73 -> 0 | LK23: =SMP!$F$74 -> 0 | LL23: =SMP!$F$66 -> 0 | LM23: =SMP!$F$67 -> 0 | LN23: =SMP!$F$68 -> 0 | LO23: =SMP!$F69 -> 0 | LP23: =SMP!$F70 -> 0 | LQ23: =SMP!$F71 -> 0 | LR23: =SMA!$F$12 -> 0 | LS23: =SMA!$F$13 -> 0 | LT23: =SMA!$F$42 -> 0 | LU23: =SMA!$F$43 -> 0 | LV23: =SMA!$F$64 -> 0 | LW23: =SMA!$F$65 -> 0 | LX23: =SMA!$F$66 -> 0 | LY23: =SMA!$F$67 -> 0 | LZ23: =SMA!$F$68 -> 0 | MA23: =SMA!$F$69 -> 0 | MB23: =SMA!$F$76 -> 0 | MC23: =SMA!$F$77 -> 0 | MD23: =SMA!$F$78 -> 0 | ME23: =SMA!$F$97 -> 0 | MF23: =SMA!$F$98 -> 0 | MG23: =SMA!$F$99 -> 0 | MH23: =SMA!$F$91 -> 0 | MI23: =SMA!$F$92 -> 0 | MJ23: =SMA!$F$93 -> 0 | MK23: =SMA!$F$94 -> 0 | ML23: =SMA!$F$95 -> 0 | MM23: =SMA!$F$96 -> 0 | MN23: =SMK!$G11 -> 0 | MO23: =SMK!$G12 -> 0 | MP23: =SMK!$G13 -> 0 | AEX23: Batas
B24: PG PRIMA | C24: =REKAP!$J$6 -> 0 | D24: =REKAP!$J$4 -> 0 | E24: =REKAP!$J$5 -> 0 | G24: PG | H24: Sample | J24: =SUM(N24:AEW24) -> 0 | N24: =ROUND(N60,0) -> 0 | O24: =ROUND(O60,0) -> 0 | P24: =ROUND(P60,0) -> 0 | Q24: =ROUND(Q60,0) -> 0 | R24: =ROUND(R60,0) -> 0 | S24: =ROUND(S60,0) -> 0 | T24: =ROUND(T60,0) -> 0 | U24: =ROUND(U60,0) -> 0 | ... AEW24: =ROUND(AEW60,0) -> 0 | AEX24: Batas
B25: PG PRIMA | C25: =REKAP!$J$6 -> 0 | D25: =REKAP!$J$4 -> 0 | E25: =REKAP!$J$5 -> 0 | G25: PG | H25: Penjualan | J25: =SUM(N25:AEW25) -> 0 | JZ25: =sd!$I$80 -> 0 | KA25: =sd!$I$81 -> 0 | KB25: =sd!$I$82 -> 0 | KC25: =sd!$I$83 -> 0 | KD25: =sd!$I$84 -> 0 | KE25: =sd!$I$85 -> 0 | KF25: =sd!$I$68 -> 0 | KG25: =sd!$I$69 -> 0 | KH25: =sd!$I$70 -> 0 | KI25: =sd!$I$71 -> 0 | KJ25: =sd!$I$72 -> 0 | KK25: =sd!$I$73 -> 0 | KL25: =sd!$U$12 -> 0 | KM25: =sd!$U$13 -> 0 | KN25: =sd!$U$14 -> 0 | KO25: =sd!$U$15 -> 0 | KP25: =sd!$U$16 -> 0 | KQ25: =sd!$U$17 -> 0 | KR25: =sd!$U8 -> 0 | KS25: =sd!$U9 -> 0 | KT25: =sd!$U10 -> 0 | KU25: =sd!$U11 -> 0 | KV25: =sd!$U12 -> 0 | KW25: =sd!$U13 -> 0 | KX25: =sd!I92 -> 0 | KY25: =sd!I93 -> 0 | KZ25: =SMP!$I$39 -> 0 | LA25: =SMP!$I$40 -> 0 | LB25: =SMP!$I$41 -> 0 | LC25: =SMP!$I$42 -> 0 | LD25: =SMP!$I$43 -> 0 | LE25: =SMP!$I$44 -> 0 | LF25: =SMP!$I$51 -> 0 | LG25: =SMP!$I$52 -> 0 | LH25: =SMP!$I$53 -> 0 | LI25: =SMP!$I$72 -> 0 | LJ25: =SMP!$I$73 -> 0 | LK25: =SMP!$I$74 -> 0 | LL25: =SMP!$I$66 -> 0 | LM25: =SMP!$I$67 -> 0 | LN25: =SMP!$I$68 -> 0 | LO25: =SMP!$I69 -> 0 | LP25: =SMP!$I70 -> 0 | LQ25: =SMP!$I71 -> 0 | LR25: =SMA!$I$12 -> 0 | LS25: =SMA!$I$13 -> 0 | LT25: =SMA!$I$42 -> 0 | LU25: =SMA!$I$43 -> 0 | LV25: =SMA!$I$64 -> 0 | LW25: =SMA!$I$65 -> 0 | LX25: =SMA!$I$66 -> 0 | LY25: =SMA!$I$67 -> 0 | LZ25: =SMA!$I$68 -> 0 | MA25: =SMA!$I$69 -> 0 | MB25: =SMA!$I$76 -> 0 | MC25: =SMA!$I$77 -> 0 | MD25: =SMA!$I$78 -> 0 | ME25: =SMA!$I$97 -> 0 | MF25: =SMA!$I$98 -> 0 | MG25: =SMA!$I$99 -> 0 | MH25: =SMA!$I$91 -> 0 | MI25: =SMA!$I$92 -> 0 | MJ25: =SMA!$I$93 -> 0 | MK25: =SMA!$I$94 -> 0 | ML25: =SMA!$I$95 -> 0 | MM25: =SMA!$I$96 -> 0 | MN25: =SMK!$I11 -> 0 | MO25: =SMK!$I12 -> 0 | MP25: =SMK!$I13 -> 0
B26: INTENS SMA | C26: =REKAP!$J$6 -> 0 | D26: =REKAP!$J$4 -> 0 | E26: =REKAP!$J$5 -> 0 | G26: LKS | H26: Penjualan | J26: =SUM(N26:AEW26) -> 0 | MQ26: =SMA!$R$6 -> 0 | MR26: =SMA!$R$7 -> 0 | MS26: =SMA!$R$8 -> 0 | MT26: =SMA!$R$9 -> 0 | MU26: =SMA!$R$10 -> 0 | MV26: =SMA!$R$11 -> 0 | MW26: =SMA!$R$12 -> 0 | MX26: =SMA!$R$13 -> 0 | MY26: =SMA!$R$14 -> 0 | MZ26: =SMA!$R$15 -> 0 | NA26: =SMA!$R$16 -> 0 | NB26: =SMA!$R$17 -> 0 | NC26: =SMA!$R$18 -> 0 | ND26: =SMA!$R$19 -> 0 | NE26: =SMA!$R$20 -> 0 | NF26: =SMA!$R$21 -> 0 | NG26: =SMA!$R$22 -> 0 | AEX26: Batas
B27: PG INTENS SMA | C27: =REKAP!$J$6 -> 0 | D27: =REKAP!$J$4 -> 0 | E27: =REKAP!$J$5 -> 0 | G27: PG | H27: Sample | J27: =SUM(N27:AEW27) -> 0 | N27: =ROUND(N61,0) -> 0 | O27: =ROUND(O61,0) -> 0 | P27: =ROUND(P61,0) -> 0 | Q27: =ROUND(Q61,0) -> 0 | R27: =ROUND(R61,0) -> 0 | S27: =ROUND(S61,0) -> 0 | T27: =ROUND(T61,0) -> 0 | U27: =ROUND(U61,0) -> 0 | ... AEW27: =ROUND(AEW61,0) -> 0 | AEX27: Batas
B28: PG INTENS SMA | C28: =REKAP!$J$6 -> 0 | D28: =REKAP!$J$4 -> 0 | E28: =REKAP!$J$5 -> 0 | G28: PG | H28: Penjualan | J28: =SUM(N28:AEW28) -> 0 | MQ28: =SMA!$U$6 -> 0 | MR28: =SMA!$U$7 -> 0 | MS28: =SMA!$U$8 -> 0 | MT28: =SMA!$U$9 -> 0 | MU28: =SMA!$U$10 -> 0 | MV28: =SMA!$U$11 -> 0 | MW28: =SMA!$U$12 -> 0 | MX28: =SMA!$U$13 -> 0 | MY28: =SMA!$U$14 -> 0 | MZ28: =SMA!$U$15 -> 0 | NA28: =SMA!$U$16 -> 0 | NB28: =SMA!$U$17 -> 0 | NC28: =SMA!$U$18 -> 0 | ND28: =SMA!$U$19 -> 0 | NE28: =SMA!$U$20 -> 0 | NF28: =SMA!$U$21 -> 0 | NG28: =SMA!$U$22 -> 0
B29: INTENS SMK | C29: =REKAP!$J$6 -> 0 | D29: =REKAP!$J$4 -> 0 | E29: =REKAP!$J$5 -> 0 | G29: LKS | H29: Penjualan | J29: =SUM(N29:AEW29) -> 0 | NH29: =SMK!$G$15 -> 0 | NI29: =SMK!$G16 -> 0 | NJ29: =SMK!$G17 -> 0 | NK29: =SMK!$G18 -> 0 | NL29: =SMK!$G19 -> 0 | NM29: =SMK!$G20 -> 0 | NN29: =SMK!$G21 -> 0 | NO29: =SMK!$G22 -> 0 | NP29: =SMK!$G23 -> 0 | NQ29: =SMK!$G24 -> 0 | NR29: =SMK!$G25 -> 0 | NS29: =SMK!$G26 -> 0 | NT29: =SMK!$G27 -> 0 | AEX29: Batas
B30: PG INTENS SMK | C30: =REKAP!$J$6 -> 0 | D30: =REKAP!$J$4 -> 0 | E30: =REKAP!$J$5 -> 0 | G30: PG | H30: Sample | J30: =SUM(N30:AEW30) -> 0 | N30: =ROUND(N62,0) -> 0 | O30: =ROUND(O62,0) -> 0 | P30: =ROUND(P62,0) -> 0 | Q30: =ROUND(Q62,0) -> 0 | R30: =ROUND(R62,0) -> 0 | S30: =ROUND(S62,0) -> 0 | T30: =ROUND(T62,0) -> 0 | U30: =ROUND(U62,0) -> 0 | ... AEW30: =ROUND(AEW62,0) -> 0 | AEX30: Batas
B31: PG INTENS SMK | C31: =REKAP!$J$6 -> 0 | D31: =REKAP!$J$4 -> 0 | E31: =REKAP!$J$5 -> 0 | G31: PG | H31: Penjualan | J31: =SUM(N31:AEW31) -> 0 | NH31: =SMK!$I$15 -> 0 | NI31: =SMK!$I$16 -> 0 | NJ31: =SMK!$I$17 -> 0 | NK31: =SMK!$I$18 -> 0 | NL31: =SMK!$I$19 -> 0 | NM31: =SMK!$I$20 -> 0 | NN31: =SMK!$I$21 -> 0 | NO31: =SMK!$I$22 -> 0 | NP31: =SMK!$I$23 -> 0 | NQ31: =SMK!$I$24 -> 0 | NR31: =SMK!$I$25 -> 0 | NS31: =SMK!$I$26 -> 0 | NT31: =SMK!$I$27 -> 0
B32: Produktif | C32: =REKAP!$J$6 -> 0 | D32: =REKAP!$J$4 -> 0 | E32: =REKAP!$J$5 -> 0 | G32: LKS | H32: Penjualan | J32: =SUM(N32:AEW32) -> 0 | UD32: =PROD!$G$4 -> 0 | UE32: =PROD!$G$5 -> 0 | UF32: =PROD!$G$6 -> 0 | UG32: =PROD!$G$7 -> 0 | UH32: =PROD!$G$8 -> 0 | UI32: =PROD!$G$9 -> 0 | UJ32: =PROD!$G$10 -> 0 | UK32: =PROD!$G$11 -> 0 | UL32: =PROD!$G$12 -> 0 | UM32: =PROD!$G$13 -> 0 | UN32: =PROD!$G$14 -> 0 | UO32: =PROD!$G$15 -> 0 | UP32: =PROD!$G$16 -> 0 | UQ32: =PROD!$G$17 -> 0 | UR32: =PROD!$G$18 -> 0 | US32: =PROD!$G$19 -> 0 | UT32: =PROD!$G$20 -> 0 | UU32: =PROD!$G$21 -> 0 | UV32: =PROD!$G$22 -> 0 | UW32: =PROD!$G$23 -> 0 | UX32: =PROD!$G$24 -> 0 | UY32: =PROD!$G$25 -> 0 | UZ32: =PROD!$G$26 -> 0 | VA32: =PROD!$G$27 -> 0 | VB32: =PROD!$G$28 -> 0 | VC32: =PROD!$G$29 -> 0 | VD32: =PROD!$G$30 -> 0 | VE32: =PROD!$G$31 -> 0 | VF32: =PROD!$G$32 -> 0 | VG32: =PROD!$G$33 -> 0 | VH32: =PROD!$G$34 -> 0 | VI32: =PROD!$G$35 -> 0 | VJ32: =PROD!$G$36 -> 0 | VK32: =PROD!$G$37 -> 0 | VL32: =PROD!$G$38 -> 0 | VM32: =PROD!$G$39 -> 0 | VN32: =PROD!$G$40 -> 0 | VO32: =PROD!$G$41 -> 0 | VP32: =PROD!$G$42 -> 0 | VQ32: =PROD!$G$43 -> 0 | VR32: =PROD!$G$44 -> 0 | VS32: =PROD!$G$45 -> 0 | VT32: =PROD!$G$46 -> 0 | VU32: =PROD!$G$47 -> 0 | VV32: =PROD!$G$48 -> 0 | VW32: =PROD!$G$49 -> 0 | VX32: =PROD!$G$50 -> 0 | VY32: =PROD!$G$51 -> 0 | VZ32: =PROD!$G$52 -> 0 | WA32: =PROD!$G$53 -> 0 | WB32: =PROD!$G$54 -> 0 | WC32: =PROD!$G$55 -> 0 | WD32: =PROD!$G$56 -> 0 | WE32: =PROD!$G$57 -> 0 | WF32: =PROD!$G$58 -> 0 | WG32: =PROD!$G$59 -> 0 | WH32: =PROD!$G$60 -> 0 | WI32: =PROD!$G$61 -> 0 | WJ32: =PROD!$G$62 -> 0 | WK32: =PROD!$G$63 -> 0 | WL32: =PROD!$G$64 -> 0 | WM32: =PROD!$G$65 -> 0 | WN32: =PROD!$G$66 -> 0 | WO32: =PROD!$G$67 -> 0 | WP32: =PROD!$G$68 -> 0 | WQ32: =PROD!$G$69 -> 0 | WR32: =PROD!$G$70 -> 0 | WS32: =PROD!$G$71 -> 0 | AEX32: Batas
B33: PG PRODUKTIF | C33: =REKAP!$J$6 -> 0 | D33: =REKAP!$J$4 -> 0 | E33: =REKAP!$J$5 -> 0 | G33: PG | H33: Sample | J33: =SUM(N33:AEW33) -> 0 | N33: =ROUND(N63,0) -> 0 | O33: =ROUND(O63,0) -> 0 | P33: =ROUND(P63,0) -> 0 | Q33: =ROUND(Q63,0) -> 0 | R33: =ROUND(R63,0) -> 0 | S33: =ROUND(S63,0) -> 0 | T33: =ROUND(T63,0) -> 0 | U33: =ROUND(U63,0) -> 0 | ... AEW33: =ROUND(AEW63,0) -> 0 | AEX33: Batas
B34: PG PRODUKTIF | C34: =REKAP!$J$6 -> 0 | D34: =REKAP!$J$4 -> 0 | E34: =REKAP!$J$5 -> 0 | G34: PG | H34: Penjualan | J34: =SUM(N34:AEW34) -> 0 | UD34: =PROD!$I$4 -> 0 | UE34: =PROD!$I$5 -> 0 | UF34: =PROD!$I$6 -> 0 | UG34: =PROD!$I$7 -> 0 | UH34: =PROD!$I$8 -> 0 | UI34: =PROD!$I$9 -> 0 | UJ34: =PROD!$I$10 -> 0 | UK34: =PROD!$I$11 -> 0 | UL34: =PROD!$I$12 -> 0 | UM34: =PROD!$I$13 -> 0 | UN34: =PROD!$I$14 -> 0 | UO34: =PROD!$I$15 -> 0 | UP34: =PROD!$I$16 -> 0 | UQ34: =PROD!$I$17 -> 0 | UR34: =PROD!$I$18 -> 0 | US34: =PROD!$I$19 -> 0 | UT34: =PROD!$I$20 -> 0 | UU34: =PROD!$I$21 -> 0 | UV34: =PROD!$I$22 -> 0 | UW34: =PROD!$I$23 -> 0 | UX34: =PROD!$I$24 -> 0 | UY34: =PROD!$I$25 -> 0 | UZ34: =PROD!$I$26 -> 0 | VA34: =PROD!$I$27 -> 0 | VB34: =PROD!$I$28 -> 0 | VC34: =PROD!$I$29 -> 0 | VD34: =PROD!$I$30 -> 0 | VE34: =PROD!$I$31 -> 0 | VF34: =PROD!$I$32 -> 0 | VG34: =PROD!$I$33 -> 0 | VH34: =PROD!$I$34 -> 0 | VI34: =PROD!$I$35 -> 0 | VJ34: =PROD!$I$36 -> 0 | VK34: =PROD!$I$37 -> 0 | VL34: =PROD!$I$38 -> 0 | VM34: =PROD!$I$39 -> 0 | VN34: =PROD!$I$40 -> 0 | VO34: =PROD!$I$41 -> 0 | VP34: =PROD!$I$42 -> 0 | VQ34: =PROD!$I$43 -> 0 | VR34: =PROD!$I$44 -> 0 | VS34: =PROD!$I$45 -> 0 | VT34: =PROD!$I$46 -> 0 | VU34: =PROD!$I$47 -> 0 | VV34: =PROD!$I$48 -> 0 | VW34: =PROD!$I$49 -> 0 | VX34: =PROD!$I$50 -> 0 | VY34: =PROD!$I$51 -> 0 | VZ34: =PROD!$I$52 -> 0 | WA34: =PROD!$I$53 -> 0 | WB34: =PROD!$I$54 -> 0 | WC34: =PROD!$I$55 -> 0 | WD34: =PROD!$I$56 -> 0 | WE34: =PROD!$I$57 -> 0 | WF34: =PROD!$I$58 -> 0 | WG34: =PROD!$I$59 -> 0 | WH34: =PROD!$I$60 -> 0 | WI34: =PROD!$I$61 -> 0 | WJ34: =PROD!$I$62 -> 0 | WK34: =PROD!$I$63 -> 0 | WL34: =PROD!$I$64 -> 0 | WM34: =PROD!$I$65 -> 0 | WN34: =PROD!$I$66 -> 0 | WO34: =PROD!$I$67 -> 0 | WP34: =PROD!$I$68 -> 0 | WQ34: =PROD!$I$69 -> 0 | WR34: =PROD!$I$70 -> 0 | WS34: =PROD!$I$71 -> 0
B35: AKM & P5 | C35: =REKAP!$J$6 -> 0 | D35: =REKAP!$J$4 -> 0 | E35: =REKAP!$J$5 -> 0 | G35: LKS | H35: Penjualan | J35: =SUM(N35:AEW35) -> 0 | QO35: ='AKM & P5'!$H$5 -> 0 | QP35: ='AKM & P5'!$H$6 -> 0 | QQ35: ='AKM & P5'!$H$7 -> 0 | QR35: ='AKM & P5'!$H$8 -> 0 | QS35: ='AKM & P5'!$H$9 -> 0 | QT35: ='AKM & P5'!$H$10 -> 0 | QU35: ='AKM & P5'!$H$11 -> 0 | QV35: ='AKM & P5'!$H$12 -> 0 | QW35: ='AKM & P5'!$H$13 -> 0 | QX35: ='AKM & P5'!$H$14 -> 0 | QY35: ='AKM & P5'!$H$15 -> 0 | QZ35: ='AKM & P5'!$H$16 -> 0 | RA35: ='AKM & P5'!$H$17 -> 0 | RB35: ='AKM & P5'!$H$18 -> 0 | RC35: ='AKM & P5'!$H$19 -> 0 | RD35: ='AKM & P5'!$H$20 -> 0 | RE35: ='AKM & P5'!$H$21 -> 0 | RF35: ='AKM & P5'!$H$22 -> 0 | AEX35: Batas
B36: PG AKM & P5 | C36: =REKAP!$J$6 -> 0 | G36: PG | H36: Sample | J36: =SUM(N36:AEW36) -> 0 | QO36: =ROUND(QO66,0) -> 0 | QP36: =ROUND(QP66,0) -> 0 | QQ36: =ROUND(QQ66,0) -> 0 | QR36: =ROUND(QR66,0) -> 0 | QS36: =ROUND(QS66,0) -> 0 | QT36: =ROUND(QT66,0) -> 0
B37: PG AKM & P5 | C37: =REKAP!$J$6 -> 0 | G37: PG | H37: Penjualan | J37: =SUM(N37:AEW37) -> 0 | QO37: ='AKM & P5'!$J$5 -> 0 | QP37: ='AKM & P5'!$J$6 -> 0 | QQ37: ='AKM & P5'!$J$7 -> 0 | QR37: ='AKM & P5'!$J$8 -> 0 | QS37: ='AKM & P5'!$J$9 -> 0 | QT37: ='AKM & P5'!$J$10 -> 0
B38: ASAJ | C38: =REKAP!$J$6 -> 0 | D38: =REKAP!$J$4 -> 0 | E38: =REKAP!$J$5 -> 0 | G38: LKS | H38: Penjualan | J38: =SUM(N38:AEW38) -> 0 | SV38: ='ASAJ UM'!$F$5 -> 0 | SW38: ='ASAJ UM'!$F$6 -> 0 | SX38: ='ASAJ UM'!$F$7 -> 0 | SY38: ='ASAJ UM'!$F$8 -> 0 | SZ38: ='ASAJ UM'!$F$9 -> 0 | TA38: ='ASAJ UM'!$F$10 -> 0 | TB38: ='ASAJ UM'!$F$11 -> 0 | TC38: ='ASAJ UM'!$F$12 -> 0 | TD38: ='ASAJ UM'!$F$13 -> 0 | TE38: ='ASAJ UM'!$F$14 -> 0 | TF38: ='ASAJ UM'!$F$15 -> 0 | TG38: ='ASAJ UM'!$F$16 -> 0 | TH38: ='ASAJ UM'!$F$17 -> 0 | TI38: ='ASAJ UM'!$F$18 -> 0 | TJ38: ='ASAJ UM'!$F$19 -> 0 | TK38: ='ASAJ UM'!$F$20 -> 0 | TL38: ='ASAJ UM'!$F$21 -> 0 | TM38: ='ASAJ UM'!$F$22 -> 0 | TN38: ='ASAJ UM'!$F$23 -> 0 | TO38: ='ASAJ UM'!$F$24 -> 0 | TP38: ='ASAJ UM'!$F$25 -> 0 | TQ38: ='ASAJ UM'!$F$26 -> 0 | TR38: ='ASAJ UM'!$F$27 -> 0 | AEX38: Batas
B39: PG ASAJ | C39: =REKAP!$J$6 -> 0 | D39: =REKAP!$J$4 -> 0 | E39: =REKAP!$J$5 -> 0 | G39: PG | H39: Sample | J39: =SUM(N39:AEW39) -> 0 | N39: =ROUND(N64,0) -> 0 | O39: =ROUND(O64,0) -> 0 | P39: =ROUND(P64,0) -> 0 | Q39: =ROUND(Q64,0) -> 0 | R39: =ROUND(R64,0) -> 0 | S39: =ROUND(S64,0) -> 0 | T39: =ROUND(T64,0) -> 0 | U39: =ROUND(U64,0) -> 0 | ... AEW39: =ROUND(AEW64,0) -> 0 | AEX39: Batas
B40: PG ASAJ | C40: =REKAP!$J$6 -> 0 | D40: =REKAP!$J$4 -> 0 | E40: =REKAP!$J$5 -> 0 | G40: PG | H40: Penjualan | J40: =SUM(N40:AEW40) -> 0 | SV40: ='ASAJ UM'!$H$5 -> 0 | SW40: ='ASAJ UM'!$H$6 -> 0 | SX40: ='ASAJ UM'!$H$7 -> 0 | SY40: ='ASAJ UM'!$H$8 -> 0 | SZ40: ='ASAJ UM'!$H$9 -> 0 | TA40: ='ASAJ UM'!$H$10 -> 0 | TB40: ='ASAJ UM'!$H$11 -> 0 | TC40: ='ASAJ UM'!$H$12 -> 0 | TD40: ='ASAJ UM'!$H$13 -> 0 | TE40: ='ASAJ UM'!$H$14 -> 0 | TF40: ='ASAJ UM'!$H$15 -> 0 | TG40: ='ASAJ UM'!$H$16 -> 0 | TH40: ='ASAJ UM'!$H$17 -> 0 | TI40: ='ASAJ UM'!$H$18 -> 0 | TJ40: ='ASAJ UM'!$H$19 -> 0 | TK40: ='ASAJ UM'!$H$20 -> 0 | TL40: ='ASAJ UM'!$H$21 -> 0 | TM40: ='ASAJ UM'!$H$22 -> 0 | TN40: ='ASAJ UM'!$H$23 -> 0 | TO40: ='ASAJ UM'!$H$24 -> 0 | TP40: ='ASAJ UM'!$H$25 -> 0 | TQ40: ='ASAJ UM'!$H$26 -> 0 | TR40: ='ASAJ UM'!$H$27 -> 0
B41: UM | C41: =REKAP!$J$6 -> 0 | D41: =REKAP!$J$4 -> 0 | E41: =REKAP!$J$5 -> 0 | G41: LKS | H41: Penjualan | J41: =SUM(TS41:UC41) -> 0 | TS41: ='ASAJ UM'!$F$28 -> 0 | TT41: ='ASAJ UM'!$F$29 -> 0 | TU41: ='ASAJ UM'!$F$30 -> 0 | TV41: ='ASAJ UM'!$F$31 -> 0 | TW41: ='ASAJ UM'!$F$32 -> 0 | TX41: ='ASAJ UM'!$F$33 -> 0 | TY41: ='ASAJ UM'!$F$34 -> 0 | TZ41: ='ASAJ UM'!$F$35 -> 0 | UA41: ='ASAJ UM'!$F$36 -> 0 | UB41: ='ASAJ UM'!$F$37 -> 0 | UC41: ='ASAJ UM'!$F$38 -> 0 | AEX41: Batas
B42: PG UM | C42: =REKAP!$J$6 -> 0 | D42: =REKAP!$J$4 -> 0 | E42: =REKAP!$J$5 -> 0 | G42: PG | H42: Sample | J42: =SUM(TS42:UC42) -> 0 | N42: =ROUND(N65,0) -> 0 | O42: =ROUND(O65,0) -> 0 | P42: =ROUND(P65,0) -> 0 | Q42: =ROUND(Q65,0) -> 0 | R42: =ROUND(R65,0) -> 0 | S42: =ROUND(S65,0) -> 0 | T42: =ROUND(T65,0) -> 0 | U42: =ROUND(U65,0) -> 0 | ... AEW42: =ROUND(AEW65,0) -> 0 | AEX42: Batas
B43: PG UM | C43: =REKAP!$J$6 -> 0 | D43: =REKAP!$J$4 -> 0 | E43: =REKAP!$J$5 -> 0 | G43: PG | H43: Penjualan | J43: =SUM(TS43:UC43) -> 0 | TS43: ='ASAJ UM'!$H$28 -> 0 | TT43: ='ASAJ UM'!$H$29 -> 0 | TU43: ='ASAJ UM'!$H$30 -> 0 | TV43: ='ASAJ UM'!$H$31 -> 0 | TW43: ='ASAJ UM'!$H$32 -> 0 | TX43: ='ASAJ UM'!$H$33 -> 0 | TY43: ='ASAJ UM'!$H$34 -> 0 | TZ43: ='ASAJ UM'!$H$35 -> 0 | UA43: ='ASAJ UM'!$H$36 -> 0 | UB43: ='ASAJ UM'!$H$37 -> 0 | UC43: ='ASAJ UM'!$H$38 -> 0
B44: Jurnal | C44: =REKAP!$J$6 -> 0 | G44: LKS | H44: Penjualan | J44: =RG44 -> 0 | RG44: ='jurnal & tk'!$F$6 -> 0
B45: TK | C45: =REKAP!$J$6 -> 0 | G45: LKS | H45: Penjualan | J45: =SUM(RH45:SA45) -> 0 | RH45: ='jurnal & tk'!$F$7 -> 0 | RI45: ='jurnal & tk'!$F$8 -> 0 | RJ45: ='jurnal & tk'!$F$9 -> 0 | RK45: ='jurnal & tk'!$F$10 -> 0 | RL45: ='jurnal & tk'!$F$11 -> 0 | RM45: ='jurnal & tk'!$F$12 -> 0 | RN45: ='jurnal & tk'!$F$13 -> 0 | RO45: ='jurnal & tk'!$F$14 -> 0 | RP45: ='jurnal & tk'!$F$15 -> 0 | RQ45: ='jurnal & tk'!$F$16 -> 0 | RR45: ='jurnal & tk'!$F$17 -> 0 | RS45: ='jurnal & tk'!$F$18 -> 0 | RT45: ='jurnal & tk'!$F$19 -> 0 | RU45: ='jurnal & tk'!$F$20 -> 0 | RV45: ='jurnal & tk'!$F$21 -> 0 | RW45: ='jurnal & tk'!$F$22 -> 0 | RX45: ='jurnal & tk'!$F$23 -> 0 | RY45: ='jurnal & tk'!$F$24 -> 0 | RZ45: ='jurnal & tk'!$F$25 -> 0 | SA45: ='jurnal & tk'!$F$26 -> 0
B46: TK AKADEMIK | C46: =REKAP!$J$6 -> 0 | G46: LKS | H46: Penjualan | J46: =SUM(SB46:SU46) -> 0 | SB46: =TKA!$G$5 -> 0 | SC46: =TKA!$G$6 -> 0 | SD46: =TKA!$G$7 -> 0 | SE46: =TKA!$G$8 -> 0 | SF46: =TKA!$G$9 -> 0 | SG46: =TKA!$G$10 -> 0 | SH46: =TKA!$G$11 -> 0 | SI46: =TKA!$G$12 -> 0 | SJ46: =TKA!$G$13 -> 0 | SK46: =TKA!$G$14 -> 0 | SL46: =TKA!$G$15 -> 0 | SM46: =TKA!$G$16 -> 0 | SN46: =TKA!$G$17 -> 0 | SO46: =TKA!$G$18 -> 0 | SP46: =TKA!$G$19 -> 0 | SQ46: =TKA!$G$20 -> 0 | SR46: =TKA!$G$21 -> 0 | SS46: =TKA!$G$22 -> 0 | ST46: =TKA!$G$23 -> 0 | SU46: =TKA!$G$24 -> 0
B47: PG TK AKADEMIK | C47: =REKAP!$J$6 -> 0 | G47: PG | H47: Sample | J47: =SUM(SB47:SU47) -> 0 | SB47: =ROUND(SB67,0) -> 0 | SC47: =ROUND(SC67,0) -> 0 | SD47: =ROUND(SD67,0) -> 0 | SE47: =ROUND(SE67,0) -> 0 | SF47: =ROUND(SF67,0) -> 0 | SG47: =ROUND(SG67,0) -> 0 | SH47: =ROUND(SH67,0) -> 0 | SI47: =ROUND(SI67,0) -> 0 | ... SU47: =ROUND(SU67,0) -> 0
B48: PG TK AKADEMIK | C48: =REKAP!$J$6 -> 0 | G48: PG | H48: Penjualan | J48: =SUM(SB48:SU48) -> 0 | SB48: =TKA!$I$5 -> 0 | SC48: =TKA!$I$6 -> 0 | SD48: =TKA!$I$7 -> 0 | SE48: =TKA!$I$8 -> 0 | SF48: =TKA!$I$9 -> 0 | SG48: =TKA!$I$10 -> 0 | SH48: =TKA!$I$11 -> 0 | SI48: =TKA!$I$12 -> 0 | SJ48: =TKA!$I$13 -> 0 | SK48: =TKA!$I$14 -> 0 | SL48: =TKA!$I$15 -> 0 | SM48: =TKA!$I$16 -> 0 | SN48: =TKA!$I$17 -> 0 | SO48: =TKA!$I$18 -> 0 | SP48: =TKA!$I$19 -> 0 | SQ48: =TKA!$I$20 -> 0 | SR48: =TKA!$I$21 -> 0 | SS48: =TKA!$I$22 -> 0 | ST48: =TKA!$I$23 -> 0 | SU48: =TKA!$I$24 -> 0
A50: Batas | B50: Batas | C50: Batas | D50: Batas | E50: Batas | F50: Batas | G50: Batas | H50: Batas | I50: Batas | J50: =SUBTOTAL(9,J5:J49) -> 0 | K50: Batas | L50: Batas | M50: Batas | N50: Batas | O50: Batas | P50: Batas | Q50: Batas | R50: Batas | S50: Batas | T50: Batas | U50: Batas | V50: Batas | W50: Batas | X50: Batas | Y50: Batas | Z50: Batas | AA50: Batas | AB50: Batas | AC50: Batas | AD50: Batas | AE50: Batas | AF50: Batas | AG50: Batas | AH50: Batas | AI50: Batas | AJ50: Batas | AK50: Batas | AL50: Batas | AM50: Batas | AN50: Batas | AO50: Batas | AP50: Batas | AQ50: Batas | AR50: Batas | AS50: Batas | AT50: Batas | AU50: Batas | AV50: Batas | AW50: Batas | AX50: Batas | AY50: Batas | AZ50: Batas | BA50: Batas | BB50: Batas | BC50: Batas | BD50: Batas | BE50: Batas | BF50: Batas | BG50: Batas | BH50: Batas | BI50: Batas | BJ50: Batas | BK50: Batas | BL50: Batas | BM50: Batas | BN50: Batas | BO50: Batas | BP50: Batas | BQ50: Batas | BR50: Batas | BS50: Batas | BT50: Batas | BU50: Batas | BV50: Batas | BW50: Batas | BX50: Batas | BY50: Batas | BZ50: Batas | CA50: Batas | CB50: Batas | CC50: Batas | CD50: Batas | CE50: Batas | CF50: Batas | CG50: Batas | CH50: Batas | CI50: Batas | CJ50: Batas | CK50: Batas | CL50: Batas | CM50: Batas | CN50: Batas | CO50: Batas | CP50: Batas | CQ50: Batas | CR50: Batas | CS50: Batas | CT50: Batas | CU50: Batas | CV50: Batas | CW50: Batas | CX50: Batas | CY50: Batas | CZ50: Batas | DA50: Batas | DB50: Batas | DC50: Batas | DD50: Batas | DE50: Batas | DF50: Batas | DG50: Batas | DH50: Batas | DI50: Batas | DJ50: Batas | DK50: Batas | DL50: Batas | DM50: Batas | DN50: Batas | DO50: Batas | DP50: Batas | DQ50: Batas | DR50: Batas | DS50: Batas | DT50: Batas | DU50: Batas | DV50: Batas | DW50: Batas | DX50: Batas | DY50: Batas | DZ50: Batas | EA50: Batas | EB50: Batas | EC50: Batas | ED50: Batas | EE50: Batas | EF50: Batas | EG50: Batas | EH50: Batas | EI50: Batas | EJ50: Batas | EK50: Batas | EL50: Batas | EM50: Batas | EN50: Batas | EO50: Batas | EP50: Batas | EQ50: Batas | ER50: Batas | ES50: Batas | ET50: Batas | EU50: Batas | EV50: Batas | EW50: Batas | EX50: Batas | EY50: Batas | EZ50: Batas | FA50: Batas | FB50: Batas | FC50: Batas | FD50: Batas | FE50: Batas | FF50: Batas | FG50: Batas | FH50: Batas | FI50: Batas | FJ50: Batas | FK50: Batas | FL50: Batas | FM50: Batas | FN50: Batas | FO50: Batas | FP50: Batas | FQ50: Batas | FR50: Batas | FS50: Batas | FT50: Batas | FU50: Batas | FV50: Batas | FW50: Batas | FX50: Batas | FY50: Batas | FZ50: Batas | GA50: Batas | GB50: Batas | GC50: Batas | GD50: Batas | GE50: Batas | GF50: Batas | GG50: Batas | GH50: Batas | GI50: Batas | GJ50: Batas | GK50: Batas | GL50: Batas | GM50: Batas | GN50: Batas | GO50: Batas | GP50: Batas | GQ50: Batas | GR50: Batas | GS50: Batas | GT50: Batas | GU50: Batas | GV50: Batas | GW50: Batas | GX50: Batas | GY50: Batas | GZ50: Batas | HA50: Batas | HB50: Batas | HC50: Batas | HD50: Batas | HE50: Batas | HF50: Batas | HG50: Batas | HH50: Batas | HI50: Batas | HJ50: Batas | HK50: Batas | HL50: Batas | HM50: Batas | HN50: Batas | HO50: Batas | HP50: Batas | HQ50: Batas | HR50: Batas | HS50: Batas | HT50: Batas | HU50: Batas | HV50: Batas | HW50: Batas | HX50: Batas | HY50: Batas | HZ50: Batas | IA50: Batas | IB50: Batas | IC50: Batas | ID50: Batas | IE50: Batas | IF50: Batas | IG50: Batas | IH50: Batas | II50: Batas | IJ50: Batas | IK50: Batas | IL50: Batas | IM50: Batas | IN50: Batas | IO50: Batas | IP50: Batas | IQ50: Batas | IR50: Batas | IS50: Batas | IT50: Batas | IU50: Batas | IV50: Batas | IW50: Batas | IX50: Batas | IY50: Batas | IZ50: Batas | JA50: Batas | JB50: Batas | JC50: Batas | JD50: Batas | JE50: Batas | JF50: Batas | JG50: Batas | JH50: Batas | JI50: Batas | JJ50: Batas | JK50: Batas | JL50: Batas | JM50: Batas | JN50: Batas | JO50: Batas | JP50: Batas | JQ50: Batas | JR50: Batas | JS50: Batas | JT50: Batas | JU50: Batas | JV50: Batas | JW50: Batas | JX50: Batas | JY50: Batas | JZ50: Batas | KA50: Batas | KB50: Batas | KC50: Batas | KD50: Batas | KE50: Batas | KF50: Batas | KG50: Batas | KH50: Batas | KI50: Batas | KJ50: Batas | KK50: Batas | KL50: Batas | KM50: Batas | KN50: Batas | KO50: Batas | KP50: Batas | KQ50: Batas | KR50: Batas | KS50: Batas | KT50: Batas | KU50: Batas | KV50: Batas | KW50: Batas | KX50: Batas | KY50: Batas | KZ50: Batas | LA50: Batas | LB50: Batas | LC50: Batas | LD50: Batas | LE50: Batas | LF50: Batas | LG50: Batas | LH50: Batas | LI50: Batas | LJ50: Batas | LK50: Batas | LL50: Batas | LM50: Batas | LN50: Batas | LO50: Batas | LP50: Batas | LQ50: Batas | LR50: Batas | LS50: Batas | LT50: Batas | LU50: Batas | LV50: Batas | LW50: Batas | LX50: Batas | LY50: Batas | LZ50: Batas | MA50: Batas | MB50: Batas | MC50: Batas | MD50: Batas | ME50: Batas | MF50: Batas | MG50: Batas | MH50: Batas | MO50: Batas | MP50: Batas | MQ50: Batas | MR50: Batas | MS50: Batas | MT50: Batas | MU50: Batas | MV50: Batas | MW50: Batas | MX50: Batas | MY50: Batas | MZ50: Batas | NA50: Batas | NB50: Batas | NC50: Batas | ND50: Batas | NE50: Batas | NF50: Batas | NG50: Batas | NH50: Batas | NI50: Batas | NJ50: Batas | NK50: Batas | NL50: Batas | NM50: Batas | NN50: Batas | NO50: Batas | NP50: Batas | NQ50: Batas | NR50: Batas | NS50: Batas | NT50: Batas | NU50: Batas | NV50: Batas | NW50: Batas | NX50: Batas | NY50: Batas | NZ50: Batas | OA50: Batas | OB50: Batas | OC50: Batas | OD50: Batas | OE50: Batas | OF50: Batas | OG50: Batas | OH50: Batas | OI50: Batas | OJ50: Batas | OK50: Batas | OL50: Batas | OM50: Batas | ON50: Batas | OO50: Batas | OP50: Batas | OQ50: Batas | OR50: Batas | OS50: Batas | OT50: Batas | OU50: Batas | OV50: Batas | OW50: Batas | OX50: Batas | OY50: Batas | OZ50: Batas | PA50: Batas | PB50: Batas | PC50: Batas | PD50: Batas | PE50: Batas | PF50: Batas | PG50: Batas | PH50: Batas | PI50: Batas | PJ50: Batas | PK50: Batas | PL50: Batas | PM50: Batas | PN50: Batas | PO50: Batas | PP50: Batas | PQ50: Batas | PR50: Batas | PS50: Batas | PT50: Batas | PU50: Batas | PV50: Batas | PW50: Batas | PX50: Batas | PY50: Batas | PZ50: Batas | QA50: Batas | QB50: Batas | QC50: Batas | QD50: Batas | QE50: Batas | QF50: Batas | QG50: Batas | QH50: Batas | QM50: Batas | QN50: Batas | QO50: Batas | QP50: Batas | QQ50: Batas | QR50: Batas | QS50: Batas | QT50: Batas | QU50: Batas | QV50: Batas | QW50: Batas | QX50: Batas | QY50: Batas | QZ50: Batas | RA50: Batas | RB50: Batas | RC50: Batas | RD50: Batas | RE50: Batas | RF50: Batas | RG50: Batas | RH50: Batas | RI50: Batas | RJ50: Batas | RK50: Batas | RL50: Batas | RN50: Batas | RO50: Batas | RP50: Batas | RQ50: Batas | RR50: Batas | RS50: Batas | RT50: Batas | RU50: Batas | RV50: Batas | RW50: Batas | RX50: Batas | RY50: Batas | RZ50: Batas | SA50: Batas | SB50: Batas | SC50: Batas | SD50: Batas | SE50: Batas | SF50: Batas | SG50: Batas | SH50: Batas | SI50: Batas | SJ50: Batas | SK50: Batas | SL50: Batas | SM50: Batas | SN50: Batas | SO50: Batas | SP50: Batas | SQ50: Batas | SR50: Batas | SS50: Batas | ST50: Batas | SU50: Batas | SV50: Batas | SW50: Batas | SX50: Batas | SY50: Batas | SZ50: Batas | TA50: Batas | TB50: Batas | TC50: Batas | TD50: Batas | TE50: Batas | TF50: Batas | TG50: Batas | TH50: Batas | TI50: Batas | TJ50: Batas | TK50: Batas | TL50: Batas | TM50: Batas | TN50: Batas | TO50: Batas | TP50: Batas | TQ50: Batas | TR50: Batas | TS50: Batas | TT50: Batas | TU50: Batas | TV50: Batas | TW50: Batas | TX50: Batas | TY50: Batas | TZ50: Batas | UA50: Batas | UB50: Batas | UC50: Batas | UD50: Batas | UE50: Batas | UF50: Batas | UG50: Batas | UH50: Batas | UI50: Batas | UJ50: Batas | UK50: Batas | UL50: Batas | UM50: Batas | UN50: Batas | UO50: Batas | UP50: Batas | UQ50: Batas | UR50: Batas | US50: Batas | UT50: Batas | UU50: Batas | UV50: Batas | UW50: Batas | UX50: Batas | UY50: Batas | UZ50: Batas | VA50: Batas | VB50: Batas | VC50: Batas | VD50: Batas | VE50: Batas | VF50: Batas | VG50: Batas | VH50: Batas | VI50: Batas | VJ50: Batas | VK50: Batas | VL50: Batas | VM50: Batas | VN50: Batas | VO50: Batas | VP50: Batas | VQ50: Batas | VR50: Batas | VS50: Batas | VT50: Batas | VU50: Batas | VV50: Batas | VW50: Batas | VX50: Batas | VY50: Batas | VZ50: Batas | WA50: Batas | WB50: Batas | WC50: Batas | WD50: Batas | WE50: Batas | WF50: Batas | WG50: Batas | WH50: Batas | WI50: Batas | WJ50: Batas | WK50: Batas | WL50: Batas | WM50: Batas | WN50: Batas | WO50: Batas | WP50: Batas | WQ50: Batas | WR50: Batas | WS50: Batas | WT50: Batas | WU50: Batas | WV50: Batas | WW50: Batas | WX50: Batas | WY50: Batas | WZ50: Batas | XA50: Batas | XB50: Batas | XC50: Batas | XD50: Batas | XE50: Batas | XF50: Batas | XG50: Batas | XH50: Batas | XI50: Batas | XJ50: Batas | XK50: Batas | XL50: Batas | XM50: Batas | XN50: Batas | XO50: Batas | XP50: Batas | XQ50: Batas | XR50: Batas | XS50: Batas | XT50: Batas | XU50: Batas | XV50: Batas | XW50: Batas | XX50: Batas | XY50: Batas | XZ50: Batas | YA50: Batas | YB50: Batas | YC50: Batas | YD50: Batas | YE50: Batas | YF50: Batas | YG50: Batas | YH50: Batas | YI50: Batas | YJ50: Batas | YK50: Batas | YL50: Batas | YM50: Batas | YN50: Batas | YO50: Batas | YP50: Batas | YQ50: Batas | YR50: Batas | YS50: Batas | YT50: Batas | YU50: Batas | YV50: Batas | YW50: Batas | YX50: Batas | YY50: Batas | YZ50: Batas | ZA50: Batas | ZB50: Batas | ZC50: Batas | ZD50: Batas | ZE50: Batas | ZF50: Batas | ZG50: Batas | ZH50: Batas | ZI50: Batas | ZJ50: Batas | ZK50: Batas | ZL50: Batas | ZM50: Batas | ZN50: Batas | ZO50: Batas | ZP50: Batas | ZQ50: Batas | ZR50: Batas | ZS50: Batas | ZT50: Batas | ZU50: Batas | ZV50: Batas | ZW50: Batas | ZX50: Batas | ZY50: Batas | ZZ50: Batas | AAA50: Batas | AAB50: Batas | AAC50: Batas | AAD50: Batas | AAE50: Batas | AAF50: Batas | AAG50: Batas | AAH50: Batas | AAI50: Batas | AAJ50: Batas | AAK50: Batas | AAL50: Batas | AAM50: Batas | AAN50: Batas | AAO50: Batas | AAP50: Batas | AAQ50: Batas | AAR50: Batas | AAS50: Batas | AAT50: Batas | AAU50: Batas | AAV50: Batas | AAW50: Batas | AAX50: Batas | AAY50: Batas | AAZ50: Batas | ABA50: Batas | ABB50: Batas | ABC50: Batas | ABD50: Batas | ABE50: Batas | ABF50: Batas | ABG50: Batas | ABH50: Batas | ABI50: Batas | ABJ50: Batas | ABK50: Batas | ABL50: Batas | ABM50: Batas | ABN50: Batas | ABO50: Batas | ABP50: Batas | ABQ50: Batas | ABR50: Batas | ABS50: Batas | ABT50: Batas | ABU50: Batas | ABV50: Batas | ABW50: Batas | ABX50: Batas | ABY50: Batas | ABZ50: Batas | ACA50: Batas | ACB50: Batas | ACC50: Batas | ACD50: Batas | ACE50: Batas | ACF50: Batas | ACG50: Batas | ACH50: Batas | ACI50: Batas | ACJ50: Batas | ACK50: Batas | ACL50: Batas | ACM50: Batas | ACN50: Batas | ACO50: Batas | ACP50: Batas | ACQ50: Batas | ACR50: Batas | ACS50: Batas | ACT50: Batas | ACU50: Batas | ACV50: Batas | ACW50: Batas | ACX50: Batas | ACY50: Batas | ACZ50: Batas | ADA50: Batas | ADB50: Batas | ADC50: Batas | ADD50: Batas | ADE50: Batas | ADF50: Batas | ADG50: Batas | ADH50: Batas | ADI50: Batas | ADJ50: Batas | ADK50: Batas | ADL50: Batas | ADM50: Batas | ADN50: Batas | ADO50: Batas | ADP50: Batas | ADQ50: Batas | ADR50: Batas | ADS50: Batas | ADT50: Batas | ADU50: Batas | ADV50: Batas | ADW50: Batas | ADX50: Batas | ADY50: Batas | ADZ50: Batas | AEA50: Batas | AEB50: Batas | AEC50: Batas | AED50: Batas | AEE50: Batas | AEF50: Batas | AEG50: Batas | AEH50: Batas | AEI50: Batas | AEJ50: Batas | AEK50: Batas | AEL50: Batas | AEM50: Batas | AEN50: Batas | AEO50: Batas | AEP50: Batas | AEQ50: Batas | AER50: Batas | AES50: Batas | AET50: Batas | AEU50: Batas | AEV50: Batas | AEW50: Batas | AEX50: Batas
I51: Penjualan | J51: =J54 -> 0 | K51: =J51-REKAP!D16 -> 0
G52: LKS | H52: Penjualan | J52: =SUMIFS($J$5:$J$49,$H$5:$H$49,H52,$G$5:$G$49,G52) -> 0 | NG52: =SMK!$G15 -> 0
G53: PG | H53: Penjualan | J53: =SUMIFS($J$5:$J$49,$H$5:$H$49,H53,$G$5:$G$49,G53) -> 0 | NG53: =SMK!$G16 -> 0 | NT53: =PROD!G4 -> 0
G54: Total | J54: =J53+J52 -> 0 | K54: =J54-REKAP!D16 -> 0 | M54: SD | N54: =N5/40 -> 0 | O54: =O5/40 -> 0 | P54: =P5/40 -> 0 | Q54: =Q5/40 -> 0 | R54: =R5/40 -> 0 | S54: =S5/40 -> 0 | T54: =T5/40 -> 0 | U54: =U5/40 -> 0 | ... CI54: =CI5/40 -> 0 | CJ54: =CJ5/100 -> 0 | CK54: =CK5/100 -> 0 | CL54: =CL5/100 -> 0 | CM54: =CM5/100 -> 0 | CN54: =CN5/100 -> 0 | CO54: =CO5/100 -> 0 | CP54: =CP5/100 -> 0 | CQ54: =CQ5/100 -> 0 | ... HA54: =HA5/100 -> 0 | HB54: =HB5/40 -> 0 | HC54: =HC5/40 -> 0 | HD54: =HD5/40 -> 0 | HE54: =HE5/40 -> 0 | HF54: =HF5/40 -> 0 | HG54: =HG5/40 -> 0 | HH54: =HH5/40 -> 0 | HI54: =HI5/40 -> 0 | ... II54: =II5/40 -> 0 | IJ54: =IJ5/100 -> 0 | IK54: =IK5/100 -> 0 | IL54: =IL5/100 -> 0 | IM54: =IM5/100 -> 0 | IN54: =IN5/100 -> 0 | IO54: =IO5/100 -> 0 | IP54: =IP5/100 -> 0 | IQ54: =IQ5/100 -> 0 | ... JM54: =JM5/100 -> 0 | JN54: =JN5/40 -> 0 | JO54: =JO5/40 -> 0 | JP54: =JP5/40 -> 0 | JQ54: =JQ5/40 -> 0 | JR54: =JR5/40 -> 0 | JS54: =JS5/40 -> 0 | JT54: =JT5/100 -> 0 | JU54: =JU5/100 -> 0 | JV54: =JV5/100 -> 0 | JW54: =JW5/100 -> 0 | JX54: =JX5/100 -> 0 | JY54: =JY5/100 -> 0 | JZ54: =JZ5/40 -> 0 | KA54: =KA5/40 -> 0 | KB54: =KB5/40 -> 0 | KC54: =KC5/40 -> 0 | KD54: =KD5/40 -> 0 | KE54: =KE5/40 -> 0 | KF54: =KF5/40 -> 0 | KG54: =KG5/40 -> 0 | ... KY54: =KY5/40 -> 0 | KZ54: =KZ5/100 -> 0 | LA54: =LA5/100 -> 0 | LB54: =LB5/100 -> 0 | LC54: =LC5/100 -> 0 | LD54: =LD5/100 -> 0 | LE54: =LE5/100 -> 0 | LF54: =LF5/100 -> 0 | LG54: =LG5/100 -> 0 | ... QN54: =QN5/100 -> 0 | QO54: =QO5/40 -> 0 | QP54: =QP5/100 -> 0 | QQ54: =QQ5/100 -> 0 | QR54: =QR5/40 -> 0 | QS54: =QS5/100 -> 0 | QT54: =QT5/100 -> 0 | RA54: =RA5/100 -> 0 | RB54: =RB5/100 -> 0 | RC54: =RC5/100 -> 0 | RD54: =RD5/100 -> 0 | RE54: =RE5/100 -> 0 | RF54: =RF5/100 -> 0 | SB54: =SB5/40 -> 0 | SC54: =SC5/40 -> 0 | SD54: =SD5/40 -> 0 | SE54: =SE5/100 -> 0 | SF54: =SF5/100 -> 0 | SG54: =SG5/100 -> 0 | SH54: =SH5/100 -> 0 | SI54: =SI5/100 -> 0 | SJ54: =SJ5/100 -> 0 | SK54: =SK5/100 -> 0 | SL54: =SL5/100 -> 0 | ... SU54: =SU5/100 -> 0 | SV54: =SV5/40 -> 0 | SW54: =SW5/40 -> 0 | SX54: =SX5/100 -> 0 | SY54: =SY5/100 -> 0 | SZ54: =SZ5/100 -> 0 | TA54: =TA5/100 -> 0 | TB54: =TB5/100 -> 0 | TC54: =TC5/100 -> 0 | TD54: =TD5/100 -> 0 | TE54: =TE5/100 -> 0 | ... TR54: =TR5/100 -> 0 | TS54: =TS5/40 -> 0 | TT54: =TT5/100 -> 0 | TU54: =TU5/100 -> 0 | TV54: =TV5/100 -> 0 | TW54: =TW5/100 -> 0 | TX54: =TX5/100 -> 0 | TY54: =TY5/100 -> 0 | TZ54: =TZ5/100 -> 0 | UA54: =UA5/100 -> 0 | ... WS54: =WS5/100 -> 0
G55: PG | H55: Sample | J55: =SUMIFS($J$5:$J$49,$H$5:$H$49,H55,$G$5:$G$49,G55) -> 0 | M55: SMP | N55: =N8/40 -> 0 | O55: =O8/40 -> 0 | P55: =P8/40 -> 0 | Q55: =Q8/40 -> 0 | R55: =R8/40 -> 0 | S55: =S8/40 -> 0 | T55: =T8/40 -> 0 | U55: =U8/40 -> 0 | ... CI55: =CI8/40 -> 0 | CJ55: =CJ8/100 -> 0 | CK55: =CK8/100 -> 0 | CL55: =CL8/100 -> 0 | CM55: =CM8/100 -> 0 | CN55: =CN8/100 -> 0 | CO55: =CO8/100 -> 0 | CP55: =CP8/100 -> 0 | CQ55: =CQ8/100 -> 0 | ... HA55: =HA8/100 -> 0 | HB55: =HB8/40 -> 0 | HC55: =HC8/40 -> 0 | HD55: =HD8/40 -> 0 | HE55: =HE8/40 -> 0 | HF55: =HF8/40 -> 0 | HG55: =HG8/40 -> 0 | HH55: =HH8/40 -> 0 | HI55: =HI8/40 -> 0 | ... II55: =II8/40 -> 0 | IJ55: =IJ8/100 -> 0 | IK55: =IK8/100 -> 0 | IL55: =IL8/100 -> 0 | IM55: =IM8/100 -> 0 | IN55: =IN8/100 -> 0 | IO55: =IO8/100 -> 0 | IP55: =IP8/100 -> 0 | IQ55: =IQ8/100 -> 0 | ... JM55: =JM8/100 -> 0 | JN55: =JN8/40 -> 0 | JO55: =JO8/40 -> 0 | JP55: =JP8/40 -> 0 | JQ55: =JQ8/40 -> 0 | JR55: =JR8/40 -> 0 | JS55: =JS8/40 -> 0 | JT55: =JT8/100 -> 0 | JU55: =JU8/100 -> 0 | JV55: =JV8/100 -> 0 | JW55: =JW8/100 -> 0 | JX55: =JX8/100 -> 0 | JY55: =JY8/100 -> 0 | JZ55: =JZ8/40 -> 0 | KA55: =KA8/40 -> 0 | KB55: =KB8/40 -> 0 | KC55: =KC8/40 -> 0 | KD55: =KD8/40 -> 0 | KE55: =KE8/40 -> 0 | KF55: =KF8/40 -> 0 | KG55: =KG8/40 -> 0 | ... KY55: =KY8/40 -> 0 | KZ55: =KZ8/100 -> 0 | LA55: =LA8/100 -> 0 | LB55: =LB8/100 -> 0 | LC55: =LC8/100 -> 0 | LD55: =LD8/100 -> 0 | LE55: =LE8/100 -> 0 | LF55: =LF8/100 -> 0 | LG55: =LG8/100 -> 0 | ... QN55: =QN8/100 -> 0 | QO55: =QO8/40 -> 0 | QP55: =QP8/100 -> 0 | QQ55: =QQ8/100 -> 0 | QR55: =QR8/40 -> 0 | QS55: =QS8/100 -> 0 | QT55: =QT8/100 -> 0 | RA55: =RA8/100 -> 0 | RB55: =RB8/100 -> 0 | RC55: =RC8/100 -> 0 | RD55: =RD8/100 -> 0 | RE55: =RE8/100 -> 0 | RF55: =RF8/100 -> 0 | SB55: =SB8/40 -> 0 | SC55: =SC8/40 -> 0 | SD55: =SD8/40 -> 0 | SE55: =SE8/100 -> 0 | SF55: =SF8/100 -> 0 | SG55: =SG8/100 -> 0 | SH55: =SH8/100 -> 0 | SI55: =SI8/100 -> 0 | SJ55: =SJ8/100 -> 0 | SK55: =SK8/100 -> 0 | SL55: =SL8/100 -> 0 | ... SU55: =SU8/100 -> 0 | SV55: =SV8/40 -> 0 | SW55: =SW8/40 -> 0 | SX55: =SX8/100 -> 0 | SY55: =SY8/100 -> 0 | SZ55: =SZ8/100 -> 0 | TA55: =TA8/100 -> 0 | TB55: =TB8/100 -> 0 | TC55: =TC8/100 -> 0 | TD55: =TD8/100 -> 0 | TE55: =TE8/100 -> 0 | ... TR55: =TR8/100 -> 0 | TS55: =TS8/40 -> 0 | TT55: =TT8/100 -> 0 | TU55: =TU8/100 -> 0 | TV55: =TV8/100 -> 0 | TW55: =TW8/100 -> 0 | TX55: =TX8/100 -> 0 | TY55: =TY8/100 -> 0 | TZ55: =TZ8/100 -> 0 | UA55: =UA8/100 -> 0 | ... WS55: =WS8/100 -> 0
M56: SMA | N56: =N11/40 -> 0 | O56: =O11/40 -> 0 | P56: =P11/40 -> 0 | Q56: =Q11/40 -> 0 | R56: =R11/40 -> 0 | S56: =S11/40 -> 0 | T56: =T11/40 -> 0 | U56: =U11/40 -> 0 | ... CI56: =CI11/40 -> 0 | CJ56: =CJ11/100 -> 0 | CK56: =CK11/100 -> 0 | CL56: =CL11/100 -> 0 | CM56: =CM11/100 -> 0 | CN56: =CN11/100 -> 0 | CO56: =CO11/100 -> 0 | CP56: =CP11/100 -> 0 | CQ56: =CQ11/100 -> 0 | ... HA56: =HA11/100 -> 0 | HB56: =HB11/40 -> 0 | HC56: =HC11/40 -> 0 | HD56: =HD11/40 -> 0 | HE56: =HE11/40 -> 0 | HF56: =HF11/40 -> 0 | HG56: =HG11/40 -> 0 | HH56: =HH11/40 -> 0 | HI56: =HI11/40 -> 0 | ... II56: =II11/40 -> 0 | IJ56: =IJ11/100 -> 0 | IK56: =IK11/100 -> 0 | IL56: =IL11/100 -> 0 | IM56: =IM11/100 -> 0 | IN56: =IN11/100 -> 0 | IO56: =IO11/100 -> 0 | IP56: =IP11/100 -> 0 | IQ56: =IQ11/100 -> 0 | ... JM56: =JM11/100 -> 0 | JN56: =JN11/40 -> 0 | JO56: =JO11/40 -> 0 | JP56: =JP11/40 -> 0 | JQ56: =JQ11/40 -> 0 | JR56: =JR11/40 -> 0 | JS56: =JS11/40 -> 0 | JT56: =JT11/100 -> 0 | JU56: =JU11/100 -> 0 | JV56: =JV11/100 -> 0 | JW56: =JW11/100 -> 0 | JX56: =JX11/100 -> 0 | JY56: =JY11/100 -> 0 | JZ56: =JZ11/40 -> 0 | KA56: =KA11/40 -> 0 | KB56: =KB11/40 -> 0 | KC56: =KC11/40 -> 0 | KD56: =KD11/40 -> 0 | KE56: =KE11/40 -> 0 | KF56: =KF11/40 -> 0 | KG56: =KG11/40 -> 0 | ... KY56: =KY11/40 -> 0 | KZ56: =KZ11/100 -> 0 | LA56: =LA11/100 -> 0 | LB56: =LB11/100 -> 0 | LC56: =LC11/100 -> 0 | LD56: =LD11/100 -> 0 | LE56: =LE11/100 -> 0 | LF56: =LF11/100 -> 0 | LG56: =LG11/100 -> 0 | ... QN56: =QN11/100 -> 0 | QO56: =QO11/40 -> 0 | QP56: =QP11/100 -> 0 | QQ56: =QQ11/100 -> 0 | QR56: =QR11/40 -> 0 | QS56: =QS11/100 -> 0 | QT56: =QT11/100 -> 0 | RA56: =RA11/100 -> 0 | RB56: =RB11/100 -> 0 | RC56: =RC11/100 -> 0 | RD56: =RD11/100 -> 0 | RE56: =RE11/100 -> 0 | RF56: =RF11/100 -> 0 | SB56: =SB11/40 -> 0 | SC56: =SC11/40 -> 0 | SD56: =SD11/40 -> 0 | SE56: =SE11/100 -> 0 | SF56: =SF11/100 -> 0 | SG56: =SG11/100 -> 0 | SH56: =SH11/100 -> 0 | SI56: =SI11/100 -> 0 | SJ56: =SJ11/100 -> 0 | SK56: =SK11/100 -> 0 | SL56: =SL11/100 -> 0 | ... SU56: =SU11/100 -> 0 | SV56: =SV11/40 -> 0 | SW56: =SW11/40 -> 0 | SX56: =SX11/100 -> 0 | SY56: =SY11/100 -> 0 | SZ56: =SZ11/100 -> 0 | TA56: =TA11/100 -> 0 | TB56: =TB11/100 -> 0 | TC56: =TC11/100 -> 0 | TD56: =TD11/100 -> 0 | TE56: =TE11/100 -> 0 | ... TR56: =TR11/100 -> 0 | TS56: =TS11/40 -> 0 | TT56: =TT11/100 -> 0 | TU56: =TU11/100 -> 0 | TV56: =TV11/100 -> 0 | TW56: =TW11/100 -> 0 | TX56: =TX11/100 -> 0 | TY56: =TY11/100 -> 0 | TZ56: =TZ11/100 -> 0 | UA56: =UA11/100 -> 0 | ... WS56: =WS11/100 -> 0
M57: SMK | N57: =N14/40 -> 0 | O57: =O14/40 -> 0 | P57: =P14/40 -> 0 | Q57: =Q14/40 -> 0 | R57: =R14/40 -> 0 | S57: =S14/40 -> 0 | T57: =T14/40 -> 0 | U57: =U14/40 -> 0 | ... CI57: =CI14/40 -> 0 | CJ57: =CJ14/100 -> 0 | CK57: =CK14/100 -> 0 | CL57: =CL14/100 -> 0 | CM57: =CM14/100 -> 0 | CN57: =CN14/100 -> 0 | CO57: =CO14/100 -> 0 | CP57: =CP14/100 -> 0 | CQ57: =CQ14/100 -> 0 | ... HA57: =HA14/100 -> 0 | HB57: =HB14/40 -> 0 | HC57: =HC14/40 -> 0 | HD57: =HD14/40 -> 0 | HE57: =HE14/40 -> 0 | HF57: =HF14/40 -> 0 | HG57: =HG14/40 -> 0 | HH57: =HH14/40 -> 0 | HI57: =HI14/40 -> 0 | ... II57: =II14/40 -> 0 | IJ57: =IJ14/100 -> 0 | IK57: =IK14/100 -> 0 | IL57: =IL14/100 -> 0 | IM57: =IM14/100 -> 0 | IN57: =IN14/100 -> 0 | IO57: =IO14/100 -> 0 | IP57: =IP14/100 -> 0 | IQ57: =IQ14/100 -> 0 | ... JM57: =JM14/100 -> 0 | JN57: =JN14/40 -> 0 | JO57: =JO14/40 -> 0 | JP57: =JP14/40 -> 0 | JQ57: =JQ14/40 -> 0 | JR57: =JR14/40 -> 0 | JS57: =JS14/40 -> 0 | JT57: =JT14/100 -> 0 | JU57: =JU14/100 -> 0 | JV57: =JV14/100 -> 0 | JW57: =JW14/100 -> 0 | JX57: =JX14/100 -> 0 | JY57: =JY14/100 -> 0 | JZ57: =JZ14/40 -> 0 | KA57: =KA14/40 -> 0 | KB57: =KB14/40 -> 0 | KC57: =KC14/40 -> 0 | KD57: =KD14/40 -> 0 | KE57: =KE14/40 -> 0 | KF57: =KF14/40 -> 0 | KG57: =KG14/40 -> 0 | ... KY57: =KY14/40 -> 0 | KZ57: =KZ14/100 -> 0 | LA57: =LA14/100 -> 0 | LB57: =LB14/100 -> 0 | LC57: =LC14/100 -> 0 | LD57: =LD14/100 -> 0 | LE57: =LE14/100 -> 0 | LF57: =LF14/100 -> 0 | LG57: =LG14/100 -> 0 | ... QN57: =QN14/100 -> 0 | QO57: =QO14/40 -> 0 | QP57: =QP14/100 -> 0 | QQ57: =QQ14/100 -> 0 | QR57: =QR14/40 -> 0 | QS57: =QS14/100 -> 0 | QT57: =QT14/100 -> 0 | RA57: =RA14/100 -> 0 | RB57: =RB14/100 -> 0 | RC57: =RC14/100 -> 0 | RD57: =RD14/100 -> 0 | RE57: =RE14/100 -> 0 | RF57: =RF14/100 -> 0 | SB57: =SB14/40 -> 0 | SC57: =SC14/40 -> 0 | SD57: =SD14/40 -> 0 | SE57: =SE14/100 -> 0 | SF57: =SF14/100 -> 0 | SG57: =SG14/100 -> 0 | SH57: =SH14/100 -> 0 | SI57: =SI14/100 -> 0 | SJ57: =SJ14/100 -> 0 | SK57: =SK14/100 -> 0 | SL57: =SL14/100 -> 0 | ... SU57: =SU14/100 -> 0 | SV57: =SV14/40 -> 0 | SW57: =SW14/40 -> 0 | SX57: =SX14/100 -> 0 | SY57: =SY14/100 -> 0 | SZ57: =SZ14/100 -> 0 | TA57: =TA14/100 -> 0 | TB57: =TB14/100 -> 0 | TC57: =TC14/100 -> 0 | TD57: =TD14/100 -> 0 | TE57: =TE14/100 -> 0 | ... TR57: =TR14/100 -> 0 | TS57: =TS14/40 -> 0 | TT57: =TT14/100 -> 0 | TU57: =TU14/100 -> 0 | TV57: =TV14/100 -> 0 | TW57: =TW14/100 -> 0 | TX57: =TX14/100 -> 0 | TY57: =TY14/100 -> 0 | TZ57: =TZ14/100 -> 0 | UA57: =UA14/100 -> 0 | ... WS57: =WS14/100 -> 0
M58: Madrasah | N58: =N17/40 -> 0 | O58: =O17/40 -> 0 | P58: =P17/40 -> 0 | Q58: =Q17/40 -> 0 | R58: =R17/40 -> 0 | S58: =S17/40 -> 0 | T58: =T17/40 -> 0 | U58: =U17/40 -> 0 | ... CI58: =CI17/40 -> 0 | CJ58: =CJ17/100 -> 0 | CK58: =CK17/100 -> 0 | CL58: =CL17/100 -> 0 | CM58: =CM17/100 -> 0 | CN58: =CN17/100 -> 0 | CO58: =CO17/100 -> 0 | CP58: =CP17/100 -> 0 | CQ58: =CQ17/100 -> 0 | ... HA58: =HA17/100 -> 0 | HB58: =HB17/40 -> 0 | HC58: =HC17/40 -> 0 | HD58: =HD17/40 -> 0 | HE58: =HE17/40 -> 0 | HF58: =HF17/40 -> 0 | HG58: =HG17/40 -> 0 | HH58: =HH17/40 -> 0 | HI58: =HI17/40 -> 0 | ... II58: =II17/40 -> 0 | IJ58: =IJ17/100 -> 0 | IK58: =IK17/100 -> 0 | IL58: =IL17/100 -> 0 | IM58: =IM17/100 -> 0 | IN58: =IN17/100 -> 0 | IO58: =IO17/100 -> 0 | IP58: =IP17/100 -> 0 | IQ58: =IQ17/100 -> 0 | ... JM58: =JM17/100 -> 0 | JN58: =JN17/40 -> 0 | JO58: =JO17/40 -> 0 | JP58: =JP17/40 -> 0 | JQ58: =JQ17/40 -> 0 | JR58: =JR17/40 -> 0 | JS58: =JS17/40 -> 0 | JT58: =JT17/100 -> 0 | JU58: =JU17/100 -> 0 | JV58: =JV17/100 -> 0 | JW58: =JW17/100 -> 0 | JX58: =JX17/100 -> 0 | JY58: =JY17/100 -> 0 | JZ58: =JZ17/40 -> 0 | KA58: =KA17/40 -> 0 | KB58: =KB17/40 -> 0 | KC58: =KC17/40 -> 0 | KD58: =KD17/40 -> 0 | KE58: =KE17/40 -> 0 | KF58: =KF17/40 -> 0 | KG58: =KG17/40 -> 0 | ... KY58: =KY17/40 -> 0 | KZ58: =KZ17/100 -> 0 | LA58: =LA17/100 -> 0 | LB58: =LB17/100 -> 0 | LC58: =LC17/100 -> 0 | LD58: =LD17/100 -> 0 | LE58: =LE17/100 -> 0 | LF58: =LF17/100 -> 0 | LG58: =LG17/100 -> 0 | ... QN58: =QN17/100 -> 0 | QO58: =QO17/40 -> 0 | QP58: =QP17/100 -> 0 | QQ58: =QQ17/100 -> 0 | QR58: =QR17/40 -> 0 | QS58: =QS17/100 -> 0 | QT58: =QT17/100 -> 0 | RA58: =RA17/100 -> 0 | RB58: =RB17/100 -> 0 | RC58: =RC17/100 -> 0 | RD58: =RD17/100 -> 0 | RE58: =RE17/100 -> 0 | RF58: =RF17/100 -> 0 | SB58: =SB17/40 -> 0 | SC58: =SC17/40 -> 0 | SD58: =SD17/40 -> 0 | SE58: =SE17/100 -> 0 | SF58: =SF17/100 -> 0 | SG58: =SG17/100 -> 0 | SH58: =SH17/100 -> 0 | SI58: =SI17/100 -> 0 | SJ58: =SJ17/100 -> 0 | SK58: =SK17/100 -> 0 | SL58: =SL17/100 -> 0 | ... SU58: =SU17/100 -> 0 | SV58: =SV17/40 -> 0 | SW58: =SW17/40 -> 0 | SX58: =SX17/100 -> 0 | SY58: =SY17/100 -> 0 | SZ58: =SZ17/100 -> 0 | TA58: =TA17/100 -> 0 | TB58: =TB17/100 -> 0 | TC58: =TC17/100 -> 0 | TD58: =TD17/100 -> 0 | TE58: =TE17/100 -> 0 | ... TR58: =TR17/100 -> 0 | TS58: =TS17/40 -> 0 | TT58: =TT17/100 -> 0 | TU58: =TU17/100 -> 0 | TV58: =TV17/100 -> 0 | TW58: =TW17/100 -> 0 | TX58: =TX17/100 -> 0 | TY58: =TY17/100 -> 0 | TZ58: =TZ17/100 -> 0 | UA58: =UA17/100 -> 0 | ... WS58: =WS17/100 -> 0
M59: Bajatim | N59: =N20/40 -> 0 | O59: =O20/40 -> 0 | P59: =P20/40 -> 0 | Q59: =Q20/40 -> 0 | R59: =R20/40 -> 0 | S59: =S20/40 -> 0 | T59: =T20/40 -> 0 | U59: =U20/40 -> 0 | ... CI59: =CI20/40 -> 0 | CJ59: =CJ20/100 -> 0 | CK59: =CK20/100 -> 0 | CL59: =CL20/100 -> 0 | CM59: =CM20/100 -> 0 | CN59: =CN20/100 -> 0 | CO59: =CO20/100 -> 0 | CP59: =CP20/100 -> 0 | CQ59: =CQ20/100 -> 0 | ... HA59: =HA20/100 -> 0 | HB59: =HB20/40 -> 0 | HC59: =HC20/40 -> 0 | HD59: =HD20/40 -> 0 | HE59: =HE20/40 -> 0 | HF59: =HF20/40 -> 0 | HG59: =HG20/40 -> 0 | HH59: =HH20/40 -> 0 | HI59: =HI20/40 -> 0 | ... II59: =II20/40 -> 0 | IJ59: =IJ20/100 -> 0 | IK59: =IK20/100 -> 0 | IL59: =IL20/100 -> 0 | IM59: =IM20/100 -> 0 | IN59: =IN20/100 -> 0 | IO59: =IO20/100 -> 0 | IP59: =IP20/100 -> 0 | IQ59: =IQ20/100 -> 0 | ... JM59: =JM20/100 -> 0 | JN59: =JN20/40 -> 0 | JO59: =JO20/40 -> 0 | JP59: =JP20/40 -> 0 | JQ59: =JQ20/40 -> 0 | JR59: =JR20/40 -> 0 | JS59: =JS20/40 -> 0 | JT59: =JT20/100 -> 0 | JU59: =JU20/100 -> 0 | JV59: =JV20/100 -> 0 | JW59: =JW20/100 -> 0 | JX59: =JX20/100 -> 0 | JY59: =JY20/100 -> 0 | JZ59: =JZ20/40 -> 0 | KA59: =KA20/40 -> 0 | KB59: =KB20/40 -> 0 | KC59: =KC20/40 -> 0 | KD59: =KD20/40 -> 0 | KE59: =KE20/40 -> 0 | KF59: =KF20/40 -> 0 | KG59: =KG20/40 -> 0 | ... KY59: =KY20/40 -> 0 | KZ59: =KZ20/100 -> 0 | LA59: =LA20/100 -> 0 | LB59: =LB20/100 -> 0 | LC59: =LC20/100 -> 0 | LD59: =LD20/100 -> 0 | LE59: =LE20/100 -> 0 | LF59: =LF20/100 -> 0 | LG59: =LG20/100 -> 0 | ... QQ59: =QQ20/100 -> 0 | QR59: =QR20/40 -> 0 | QS59: =QS20/100 -> 0 | QT59: =QT20/100 -> 0 | QU59: =QU20/40 -> 0 | QV59: =QV20/40 -> 0 | QW59: =QW20/40 -> 0 | QX59: =QX20/40 -> 0 | QY59: =QY20/40 -> 0 | QZ59: =QZ20/40 -> 0 | RA59: =RA20/100 -> 0 | RB59: =RB20/100 -> 0 | RC59: =RC20/100 -> 0 | RD59: =RD20/100 -> 0 | RE59: =RE20/100 -> 0 | RF59: =RF20/100 -> 0 | RG59: =RG20/100 -> 0 | RH59: =RH20/100 -> 0 | ... SA59: =SA20/100 -> 0 | SB59: =SB20/40 -> 0 | SC59: =SC20/40 -> 0 | SD59: =SD20/40 -> 0 | SE59: =SE20/100 -> 0 | SF59: =SF20/100 -> 0 | SG59: =SG20/100 -> 0 | SH59: =SH20/100 -> 0 | SI59: =SI20/100 -> 0 | SJ59: =SJ20/100 -> 0 | SK59: =SK20/100 -> 0 | SL59: =SL20/100 -> 0 | ... SU59: =SU20/100 -> 0 | SV59: =SV20/40 -> 0 | SW59: =SW20/40 -> 0 | SX59: =SX20/100 -> 0 | SY59: =SY20/100 -> 0 | SZ59: =SZ20/100 -> 0 | TA59: =TA20/100 -> 0 | TB59: =TB20/100 -> 0 | TC59: =TC20/100 -> 0 | TD59: =TD20/100 -> 0 | TE59: =TE20/100 -> 0 | ... TR59: =TR20/100 -> 0 | TS59: =TS20/40 -> 0 | TT59: =TT20/100 -> 0 | TU59: =TU20/100 -> 0 | TV59: =TV20/100 -> 0 | TW59: =TW20/100 -> 0 | TX59: =TX20/100 -> 0 | TY59: =TY20/100 -> 0 | TZ59: =TZ20/100 -> 0 | UA59: =UA20/100 -> 0 | ... WS59: =WS20/100 -> 0
M60: Prima | N60: =N23/40 -> 0 | O60: =O23/40 -> 0 | P60: =P23/40 -> 0 | Q60: =Q23/40 -> 0 | R60: =R23/40 -> 0 | S60: =S23/40 -> 0 | T60: =T23/40 -> 0 | U60: =U23/40 -> 0 | ... CI60: =CI23/40 -> 0 | CJ60: =CJ23/100 -> 0 | CK60: =CK23/100 -> 0 | CL60: =CL23/100 -> 0 | CM60: =CM23/100 -> 0 | CN60: =CN23/100 -> 0 | CO60: =CO23/100 -> 0 | CP60: =CP23/100 -> 0 | CQ60: =CQ23/100 -> 0 | ... HA60: =HA23/100 -> 0 | HB60: =HB23/40 -> 0 | HC60: =HC23/40 -> 0 | HD60: =HD23/40 -> 0 | HE60: =HE23/40 -> 0 | HF60: =HF23/40 -> 0 | HG60: =HG23/40 -> 0 | HH60: =HH23/40 -> 0 | HI60: =HI23/40 -> 0 | ... II60: =II23/40 -> 0 | IJ60: =IJ23/100 -> 0 | IK60: =IK23/100 -> 0 | IL60: =IL23/100 -> 0 | IM60: =IM23/100 -> 0 | IN60: =IN23/100 -> 0 | IO60: =IO23/100 -> 0 | IP60: =IP23/100 -> 0 | IQ60: =IQ23/100 -> 0 | ... JM60: =JM23/100 -> 0 | JN60: =JN23/40 -> 0 | JO60: =JO23/40 -> 0 | JP60: =JP23/40 -> 0 | JQ60: =JQ23/40 -> 0 | JR60: =JR23/40 -> 0 | JS60: =JS23/40 -> 0 | JT60: =JT23/100 -> 0 | JU60: =JU23/100 -> 0 | JV60: =JV23/100 -> 0 | JW60: =JW23/100 -> 0 | JX60: =JX23/100 -> 0 | JY60: =JY23/100 -> 0 | JZ60: =JZ23/40 -> 0 | KA60: =KA23/40 -> 0 | KB60: =KB23/40 -> 0 | KC60: =KC23/40 -> 0 | KD60: =KD23/40 -> 0 | KE60: =KE23/40 -> 0 | KF60: =KF23/40 -> 0 | KG60: =KG23/40 -> 0 | ... KY60: =KY23/40 -> 0 | KZ60: =KZ23/100 -> 0 | LA60: =LA23/100 -> 0 | LB60: =LB23/100 -> 0 | LC60: =LC23/100 -> 0 | LD60: =LD23/100 -> 0 | LE60: =LE23/100 -> 0 | LF60: =LF23/100 -> 0 | LG60: =LG23/100 -> 0 | ... QN60: =QN23/100 -> 0 | QO60: =QO23/40 -> 0 | QP60: =QP23/100 -> 0 | QQ60: =QQ23/100 -> 0 | QR60: =QR23/40 -> 0 | QS60: =QS23/100 -> 0 | QT60: =QT23/100 -> 0 | RA60: =RA23/100 -> 0 | RB60: =RB23/100 -> 0 | RC60: =RC23/100 -> 0 | RD60: =RD23/100 -> 0 | RE60: =RE23/100 -> 0 | RF60: =RF23/100 -> 0 | SB60: =SB23/40 -> 0 | SC60: =SC23/40 -> 0 | SD60: =SD23/40 -> 0 | SE60: =SE23/100 -> 0 | SF60: =SF23/100 -> 0 | SG60: =SG23/100 -> 0 | SH60: =SH23/100 -> 0 | SI60: =SI23/100 -> 0 | SJ60: =SJ23/100 -> 0 | SK60: =SK23/100 -> 0 | SL60: =SL23/100 -> 0 | ... SU60: =SU23/100 -> 0 | SV60: =SV23/40 -> 0 | SW60: =SW23/40 -> 0 | SX60: =SX23/100 -> 0 | SY60: =SY23/100 -> 0 | SZ60: =SZ23/100 -> 0 | TA60: =TA23/100 -> 0 | TB60: =TB23/100 -> 0 | TC60: =TC23/100 -> 0 | TD60: =TD23/100 -> 0 | TE60: =TE23/100 -> 0 | ... TR60: =TR23/100 -> 0 | TS60: =TS23/40 -> 0 | TT60: =TT23/100 -> 0 | TU60: =TU23/100 -> 0 | TV60: =TV23/100 -> 0 | TW60: =TW23/100 -> 0 | TX60: =TX23/100 -> 0 | TY60: =TY23/100 -> 0 | TZ60: =TZ23/100 -> 0 | UA60: =UA23/100 -> 0 | ... WS60: =WS23/100 -> 0
M61: Intens SMA | N61: =N26/40 -> 0 | O61: =O26/40 -> 0 | P61: =P26/40 -> 0 | Q61: =Q26/40 -> 0 | R61: =R26/40 -> 0 | S61: =S26/40 -> 0 | T61: =T26/40 -> 0 | U61: =U26/40 -> 0 | ... CI61: =CI26/40 -> 0 | CJ61: =CJ26/100 -> 0 | CK61: =CK26/100 -> 0 | CL61: =CL26/100 -> 0 | CM61: =CM26/100 -> 0 | CN61: =CN26/100 -> 0 | CO61: =CO26/100 -> 0 | CP61: =CP26/100 -> 0 | CQ61: =CQ26/100 -> 0 | ... HA61: =HA26/100 -> 0 | HB61: =HB26/40 -> 0 | HC61: =HC26/40 -> 0 | HD61: =HD26/40 -> 0 | HE61: =HE26/40 -> 0 | HF61: =HF26/40 -> 0 | HG61: =HG26/40 -> 0 | HH61: =HH26/40 -> 0 | HI61: =HI26/40 -> 0 | ... II61: =II26/40 -> 0 | IJ61: =IJ26/100 -> 0 | IK61: =IK26/100 -> 0 | IL61: =IL26/100 -> 0 | IM61: =IM26/100 -> 0 | IN61: =IN26/100 -> 0 | IO61: =IO26/100 -> 0 | IP61: =IP26/100 -> 0 | IQ61: =IQ26/100 -> 0 | ... JM61: =JM26/100 -> 0 | JN61: =JN26/40 -> 0 | JO61: =JO26/40 -> 0 | JP61: =JP26/40 -> 0 | JQ61: =JQ26/40 -> 0 | JR61: =JR26/40 -> 0 | JS61: =JS26/40 -> 0 | JT61: =JT26/100 -> 0 | JU61: =JU26/100 -> 0 | JV61: =JV26/100 -> 0 | JW61: =JW26/100 -> 0 | JX61: =JX26/100 -> 0 | JY61: =JY26/100 -> 0 | JZ61: =JZ26/40 -> 0 | KA61: =KA26/40 -> 0 | KB61: =KB26/40 -> 0 | KC61: =KC26/40 -> 0 | KD61: =KD26/40 -> 0 | KE61: =KE26/40 -> 0 | KF61: =KF26/40 -> 0 | KG61: =KG26/40 -> 0 | ... KY61: =KY26/40 -> 0 | KZ61: =KZ26/100 -> 0 | LA61: =LA26/100 -> 0 | LB61: =LB26/100 -> 0 | LC61: =LC26/100 -> 0 | LD61: =LD26/100 -> 0 | LE61: =LE26/100 -> 0 | LF61: =LF26/100 -> 0 | LG61: =LG26/100 -> 0 | ... QN61: =QN26/100 -> 0 | QO61: =QO26/40 -> 0 | QP61: =QP26/100 -> 0 | QQ61: =QQ26/100 -> 0 | QR61: =QR26/40 -> 0 | QS61: =QS26/100 -> 0 | QT61: =QT26/100 -> 0 | RA61: =RA26/100 -> 0 | RB61: =RB26/100 -> 0 | RC61: =RC26/100 -> 0 | RD61: =RD26/100 -> 0 | RE61: =RE26/100 -> 0 | RF61: =RF26/100 -> 0 | SB61: =SB26/40 -> 0 | SC61: =SC26/40 -> 0 | SD61: =SD26/40 -> 0 | SE61: =SE26/100 -> 0 | SF61: =SF26/100 -> 0 | SG61: =SG26/100 -> 0 | SH61: =SH26/100 -> 0 | SI61: =SI26/100 -> 0 | SJ61: =SJ26/100 -> 0 | SK61: =SK26/100 -> 0 | SL61: =SL26/100 -> 0 | ... SU61: =SU26/100 -> 0 | SV61: =SV26/40 -> 0 | SW61: =SW26/40 -> 0 | SX61: =SX26/100 -> 0 | SY61: =SY26/100 -> 0 | SZ61: =SZ26/100 -> 0 | TA61: =TA26/100 -> 0 | TB61: =TB26/100 -> 0 | TC61: =TC26/100 -> 0 | TD61: =TD26/100 -> 0 | TE61: =TE26/100 -> 0 | ... TR61: =TR26/100 -> 0 | TS61: =TS26/40 -> 0 | TT61: =TT26/100 -> 0 | TU61: =TU26/100 -> 0 | TV61: =TV26/100 -> 0 | TW61: =TW26/100 -> 0 | TX61: =TX26/100 -> 0 | TY61: =TY26/100 -> 0 | TZ61: =TZ26/100 -> 0 | UA61: =UA26/100 -> 0 | ... WS61: =WS26/100 -> 0
M62: Intens SMK | N62: =N29/40 -> 0 | O62: =O29/40 -> 0 | P62: =P29/40 -> 0 | Q62: =Q29/40 -> 0 | R62: =R29/40 -> 0 | S62: =S29/40 -> 0 | T62: =T29/40 -> 0 | U62: =U29/40 -> 0 | ... CI62: =CI29/40 -> 0 | CJ62: =CJ29/100 -> 0 | CK62: =CK29/100 -> 0 | CL62: =CL29/100 -> 0 | CM62: =CM29/100 -> 0 | CN62: =CN29/100 -> 0 | CO62: =CO29/100 -> 0 | CP62: =CP29/100 -> 0 | CQ62: =CQ29/100 -> 0 | ... HA62: =HA29/100 -> 0 | HB62: =HB29/40 -> 0 | HC62: =HC29/40 -> 0 | HD62: =HD29/40 -> 0 | HE62: =HE29/40 -> 0 | HF62: =HF29/40 -> 0 | HG62: =HG29/40 -> 0 | HH62: =HH29/40 -> 0 | HI62: =HI29/40 -> 0 | ... II62: =II29/40 -> 0 | IJ62: =IJ29/100 -> 0 | IK62: =IK29/100 -> 0 | IL62: =IL29/100 -> 0 | IM62: =IM29/100 -> 0 | IN62: =IN29/100 -> 0 | IO62: =IO29/100 -> 0 | IP62: =IP29/100 -> 0 | IQ62: =IQ29/100 -> 0 | ... JM62: =JM29/100 -> 0 | JN62: =JN29/40 -> 0 | JO62: =JO29/40 -> 0 | JP62: =JP29/40 -> 0 | JQ62: =JQ29/40 -> 0 | JR62: =JR29/40 -> 0 | JS62: =JS29/40 -> 0 | JT62: =JT29/100 -> 0 | JU62: =JU29/100 -> 0 | JV62: =JV29/100 -> 0 | JW62: =JW29/100 -> 0 | JX62: =JX29/100 -> 0 | JY62: =JY29/100 -> 0 | JZ62: =JZ29/40 -> 0 | KA62: =KA29/40 -> 0 | KB62: =KB29/40 -> 0 | KC62: =KC29/40 -> 0 | KD62: =KD29/40 -> 0 | KE62: =KE29/40 -> 0 | KF62: =KF29/40 -> 0 | KG62: =KG29/40 -> 0 | ... KY62: =KY29/40 -> 0 | KZ62: =KZ29/100 -> 0 | LA62: =LA29/100 -> 0 | LB62: =LB29/100 -> 0 | LC62: =LC29/100 -> 0 | LD62: =LD29/100 -> 0 | LE62: =LE29/100 -> 0 | LF62: =LF29/100 -> 0 | LG62: =LG29/100 -> 0 | ... QN62: =QN29/100 -> 0 | QO62: =QO29/40 -> 0 | QP62: =QP29/100 -> 0 | QQ62: =QQ29/100 -> 0 | QR62: =QR29/40 -> 0 | QS62: =QS29/100 -> 0 | QT62: =QT29/100 -> 0 | RA62: =RA29/100 -> 0 | RB62: =RB29/100 -> 0 | RC62: =RC29/100 -> 0 | RD62: =RD29/100 -> 0 | RE62: =RE29/100 -> 0 | RF62: =RF29/100 -> 0 | SB62: =SB29/40 -> 0 | SC62: =SC29/40 -> 0 | SD62: =SD29/40 -> 0 | SE62: =SE29/100 -> 0 | SF62: =SF29/100 -> 0 | SG62: =SG29/100 -> 0 | SH62: =SH29/100 -> 0 | SI62: =SI29/100 -> 0 | SJ62: =SJ29/100 -> 0 | SK62: =SK29/100 -> 0 | SL62: =SL29/100 -> 0 | ... SU62: =SU29/100 -> 0 | SV62: =SV29/40 -> 0 | SW62: =SW29/40 -> 0 | SX62: =SX29/100 -> 0 | SY62: =SY29/100 -> 0 | SZ62: =SZ29/100 -> 0 | TA62: =TA29/100 -> 0 | TB62: =TB29/100 -> 0 | TC62: =TC29/100 -> 0 | TD62: =TD29/100 -> 0 | TE62: =TE29/100 -> 0 | ... TR62: =TR29/100 -> 0 | TS62: =TS29/40 -> 0 | TT62: =TT29/100 -> 0 | TU62: =TU29/100 -> 0 | TV62: =TV29/100 -> 0 | TW62: =TW29/100 -> 0 | TX62: =TX29/100 -> 0 | TY62: =TY29/100 -> 0 | TZ62: =TZ29/100 -> 0 | UA62: =UA29/100 -> 0 | ... WS62: =WS29/100 -> 0
M63: Produktif | N63: =N32/40 -> 0 | O63: =O32/40 -> 0 | P63: =P32/40 -> 0 | Q63: =Q32/40 -> 0 | R63: =R32/40 -> 0 | S63: =S32/40 -> 0 | T63: =T32/40 -> 0 | U63: =U32/40 -> 0 | ... CI63: =CI32/40 -> 0 | CJ63: =CJ32/100 -> 0 | CK63: =CK32/100 -> 0 | CL63: =CL32/100 -> 0 | CM63: =CM32/100 -> 0 | CN63: =CN32/100 -> 0 | CO63: =CO32/100 -> 0 | CP63: =CP32/100 -> 0 | CQ63: =CQ32/100 -> 0 | ... HA63: =HA32/100 -> 0 | HB63: =HB32/40 -> 0 | HC63: =HC32/40 -> 0 | HD63: =HD32/40 -> 0 | HE63: =HE32/40 -> 0 | HF63: =HF32/40 -> 0 | HG63: =HG32/40 -> 0 | HH63: =HH32/40 -> 0 | HI63: =HI32/40 -> 0 | ... II63: =II32/40 -> 0 | IJ63: =IJ32/100 -> 0 | IK63: =IK32/100 -> 0 | IL63: =IL32/100 -> 0 | IM63: =IM32/100 -> 0 | IN63: =IN32/100 -> 0 | IO63: =IO32/100 -> 0 | IP63: =IP32/100 -> 0 | IQ63: =IQ32/100 -> 0 | ... JM63: =JM32/100 -> 0 | JN63: =JN32/40 -> 0 | JO63: =JO32/40 -> 0 | JP63: =JP32/40 -> 0 | JQ63: =JQ32/40 -> 0 | JR63: =JR32/40 -> 0 | JS63: =JS32/40 -> 0 | JT63: =JT32/100 -> 0 | JU63: =JU32/100 -> 0 | JV63: =JV32/100 -> 0 | JW63: =JW32/100 -> 0 | JX63: =JX32/100 -> 0 | JY63: =JY32/100 -> 0 | JZ63: =JZ32/40 -> 0 | KA63: =KA32/40 -> 0 | KB63: =KB32/40 -> 0 | KC63: =KC32/40 -> 0 | KD63: =KD32/40 -> 0 | KE63: =KE32/40 -> 0 | KF63: =KF32/40 -> 0 | KG63: =KG32/40 -> 0 | ... KY63: =KY32/40 -> 0 | KZ63: =KZ32/100 -> 0 | LA63: =LA32/100 -> 0 | LB63: =LB32/100 -> 0 | LC63: =LC32/100 -> 0 | LD63: =LD32/100 -> 0 | LE63: =LE32/100 -> 0 | LF63: =LF32/100 -> 0 | LG63: =LG32/100 -> 0 | ... QN63: =QN32/100 -> 0 | QO63: =QO32/40 -> 0 | QP63: =QP32/100 -> 0 | QQ63: =QQ32/100 -> 0 | QR63: =QR32/40 -> 0 | QS63: =QS32/100 -> 0 | QT63: =QT32/100 -> 0 | RA63: =RA32/100 -> 0 | RB63: =RB32/100 -> 0 | RC63: =RC32/100 -> 0 | RD63: =RD32/100 -> 0 | RE63: =RE32/100 -> 0 | RF63: =RF32/100 -> 0 | SB63: =SB32/40 -> 0 | SC63: =SC32/40 -> 0 | SD63: =SD32/40 -> 0 | SE63: =SE32/100 -> 0 | SF63: =SF32/100 -> 0 | SG63: =SG32/100 -> 0 | SH63: =SH32/100 -> 0 | SI63: =SI32/100 -> 0 | SJ63: =SJ32/100 -> 0 | SK63: =SK32/100 -> 0 | SL63: =SL32/100 -> 0 | ... SU63: =SU32/100 -> 0 | SV63: =SV32/40 -> 0 | SW63: =SW32/40 -> 0 | SX63: =SX32/100 -> 0 | SY63: =SY32/100 -> 0 | SZ63: =SZ32/100 -> 0 | TA63: =TA32/100 -> 0 | TB63: =TB32/100 -> 0 | TC63: =TC32/100 -> 0 | TD63: =TD32/100 -> 0 | TE63: =TE32/100 -> 0 | ... TR63: =TR32/100 -> 0 | TS63: =TS32/40 -> 0 | TT63: =TT32/100 -> 0 | TU63: =TU32/100 -> 0 | TV63: =TV32/100 -> 0 | TW63: =TW32/100 -> 0 | TX63: =TX32/100 -> 0 | TY63: =TY32/100 -> 0 | TZ63: =TZ32/100 -> 0 | UA63: =UA32/100 -> 0 | ... WS63: =WS32/100 -> 0
M64: ASAJ | N64: =N38/40 -> 0 | O64: =O38/40 -> 0 | P64: =P38/40 -> 0 | Q64: =Q38/40 -> 0 | R64: =R38/40 -> 0 | S64: =S38/40 -> 0 | T64: =T38/40 -> 0 | U64: =U38/40 -> 0 | ... CI64: =CI38/40 -> 0 | CJ64: =CJ38/100 -> 0 | CK64: =CK38/100 -> 0 | CL64: =CL38/100 -> 0 | CM64: =CM38/100 -> 0 | CN64: =CN38/100 -> 0 | CO64: =CO38/100 -> 0 | CP64: =CP38/100 -> 0 | CQ64: =CQ38/100 -> 0 | ... HA64: =HA38/100 -> 0 | HB64: =HB38/40 -> 0 | HC64: =HC38/40 -> 0 | HD64: =HD38/40 -> 0 | HE64: =HE38/40 -> 0 | HF64: =HF38/40 -> 0 | HG64: =HG38/40 -> 0 | HH64: =HH38/40 -> 0 | HI64: =HI38/40 -> 0 | ... II64: =II38/40 -> 0 | IJ64: =IJ38/100 -> 0 | IK64: =IK38/100 -> 0 | IL64: =IL38/100 -> 0 | IM64: =IM38/100 -> 0 | IN64: =IN38/100 -> 0 | IO64: =IO38/100 -> 0 | IP64: =IP38/100 -> 0 | IQ64: =IQ38/100 -> 0 | ... JM64: =JM38/100 -> 0 | JN64: =JN38/40 -> 0 | JO64: =JO38/40 -> 0 | JP64: =JP38/40 -> 0 | JQ64: =JQ38/40 -> 0 | JR64: =JR38/40 -> 0 | JS64: =JS38/40 -> 0 | JT64: =JT38/100 -> 0 | JU64: =JU38/100 -> 0 | JV64: =JV38/100 -> 0 | JW64: =JW38/100 -> 0 | JX64: =JX38/100 -> 0 | JY64: =JY38/100 -> 0 | JZ64: =JZ38/40 -> 0 | KA64: =KA38/40 -> 0 | KB64: =KB38/40 -> 0 | KC64: =KC38/40 -> 0 | KD64: =KD38/40 -> 0 | KE64: =KE38/40 -> 0 | KF64: =KF38/40 -> 0 | KG64: =KG38/40 -> 0 | ... KY64: =KY38/40 -> 0 | KZ64: =KZ38/100 -> 0 | LA64: =LA38/100 -> 0 | LB64: =LB38/100 -> 0 | LC64: =LC38/100 -> 0 | LD64: =LD38/100 -> 0 | LE64: =LE38/100 -> 0 | LF64: =LF38/100 -> 0 | LG64: =LG38/100 -> 0 | ... QN64: =QN38/100 -> 0 | QO64: =QO38/40 -> 0 | QP64: =QP38/100 -> 0 | QQ64: =QQ38/100 -> 0 | QR64: =QR38/40 -> 0 | QS64: =QS38/100 -> 0 | QT64: =QT38/100 -> 0 | RA64: =RA38/100 -> 0 | RB64: =RB38/100 -> 0 | RC64: =RC38/100 -> 0 | RD64: =RD38/100 -> 0 | RE64: =RE38/100 -> 0 | RF64: =RF38/100 -> 0 | SB64: =SB38/40 -> 0 | SC64: =SC38/40 -> 0 | SD64: =SD38/40 -> 0 | SE64: =SE38/100 -> 0 | SF64: =SF38/100 -> 0 | SG64: =SG38/100 -> 0 | SH64: =SH38/100 -> 0 | SI64: =SI38/100 -> 0 | SJ64: =SJ38/100 -> 0 | SK64: =SK38/100 -> 0 | SL64: =SL38/100 -> 0 | ... SU64: =SU38/100 -> 0 | SV64: =SV38/40 -> 0 | SW64: =SW38/40 -> 0 | SX64: =SX38/100 -> 0 | SY64: =SY38/100 -> 0 | SZ64: =SZ38/100 -> 0 | TA64: =TA38/100 -> 0 | TB64: =TB38/100 -> 0 | TC64: =TC38/100 -> 0 | TD64: =TD38/100 -> 0 | TE64: =TE38/100 -> 0 | ... TR64: =TR38/100 -> 0 | TS64: =TS38/40 -> 0 | TT64: =TT38/100 -> 0 | TU64: =TU38/100 -> 0 | TV64: =TV38/100 -> 0 | TW64: =TW38/100 -> 0 | TX64: =TX38/100 -> 0 | TY64: =TY38/100 -> 0 | TZ64: =TZ38/100 -> 0 | UA64: =UA38/100 -> 0 | ... WS64: =WS38/100 -> 0
M65: UM | N65: =N41/40 -> 0 | O65: =O41/40 -> 0 | P65: =P41/40 -> 0 | Q65: =Q41/40 -> 0 | R65: =R41/40 -> 0 | S65: =S41/40 -> 0 | T65: =T41/40 -> 0 | U65: =U41/40 -> 0 | ... CI65: =CI41/40 -> 0 | CJ65: =CJ41/100 -> 0 | CK65: =CK41/100 -> 0 | CL65: =CL41/100 -> 0 | CM65: =CM41/100 -> 0 | CN65: =CN41/100 -> 0 | CO65: =CO41/100 -> 0 | CP65: =CP41/100 -> 0 | CQ65: =CQ41/100 -> 0 | ... HA65: =HA41/100 -> 0 | HB65: =HB41/40 -> 0 | HC65: =HC41/40 -> 0 | HD65: =HD41/40 -> 0 | HE65: =HE41/40 -> 0 | HF65: =HF41/40 -> 0 | HG65: =HG41/40 -> 0 | HH65: =HH41/40 -> 0 | HI65: =HI41/40 -> 0 | ... II65: =II41/40 -> 0 | IJ65: =IJ41/100 -> 0 | IK65: =IK41/100 -> 0 | IL65: =IL41/100 -> 0 | IM65: =IM41/100 -> 0 | IN65: =IN41/100 -> 0 | IO65: =IO41/100 -> 0 | IP65: =IP41/100 -> 0 | IQ65: =IQ41/100 -> 0 | ... JM65: =JM41/100 -> 0 | JN65: =JN41/40 -> 0 | JO65: =JO41/40 -> 0 | JP65: =JP41/40 -> 0 | JQ65: =JQ41/40 -> 0 | JR65: =JR41/40 -> 0 | JS65: =JS41/40 -> 0 | JT65: =JT41/100 -> 0 | JU65: =JU41/100 -> 0 | JV65: =JV41/100 -> 0 | JW65: =JW41/100 -> 0 | JX65: =JX41/100 -> 0 | JY65: =JY41/100 -> 0 | JZ65: =JZ41/40 -> 0 | KA65: =KA41/40 -> 0 | KB65: =KB41/40 -> 0 | KC65: =KC41/40 -> 0 | KD65: =KD41/40 -> 0 | KE65: =KE41/40 -> 0 | KF65: =KF41/40 -> 0 | KG65: =KG41/40 -> 0 | ... KY65: =KY41/40 -> 0 | KZ65: =KZ41/100 -> 0 | LA65: =LA41/100 -> 0 | LB65: =LB41/100 -> 0 | LC65: =LC41/100 -> 0 | LD65: =LD41/100 -> 0 | LE65: =LE41/100 -> 0 | LF65: =LF41/100 -> 0 | LG65: =LG41/100 -> 0 | ... QN65: =QN41/100 -> 0 | QO65: =QO41/40 -> 0 | QP65: =QP41/100 -> 0 | QQ65: =QQ41/100 -> 0 | QR65: =QR41/40 -> 0 | QS65: =QS41/100 -> 0 | QT65: =QT41/100 -> 0 | RA65: =RA41/100 -> 0 | RB65: =RB41/100 -> 0 | RC65: =RC41/100 -> 0 | RD65: =RD41/100 -> 0 | RE65: =RE41/100 -> 0 | RF65: =RF41/100 -> 0 | SB65: =SB41/40 -> 0 | SC65: =SC41/40 -> 0 | SD65: =SD41/40 -> 0 | SE65: =SE41/100 -> 0 | SF65: =SF41/100 -> 0 | SG65: =SG41/100 -> 0 | SH65: =SH41/100 -> 0 | SI65: =SI41/100 -> 0 | SJ65: =SJ41/100 -> 0 | SK65: =SK41/100 -> 0 | SL65: =SL41/100 -> 0 | ... SU65: =SU41/100 -> 0 | SV65: =SV41/40 -> 0 | SW65: =SW41/40 -> 0 | SX65: =SX41/100 -> 0 | SY65: =SY41/100 -> 0 | SZ65: =SZ41/100 -> 0 | TA65: =TA41/100 -> 0 | TB65: =TB41/100 -> 0 | TC65: =TC41/100 -> 0 | TD65: =TD41/100 -> 0 | TE65: =TE41/100 -> 0 | ... TR65: =TR41/100 -> 0 | TS65: =TS41/40 -> 0 | TT65: =TT41/100 -> 0 | TU65: =TU41/100 -> 0 | TV65: =TV41/100 -> 0 | TW65: =TW41/100 -> 0 | TX65: =TX41/100 -> 0 | TY65: =TY41/100 -> 0 | TZ65: =TZ41/100 -> 0 | UA65: =UA41/100 -> 0 | ... WS65: =WS41/100 -> 0
M66: akm | QO66: =QO35/40 -> 0 | QP66: =QP35/40 -> 0 | QQ66: =QQ35/40 -> 0 | QR66: =QR35/100 -> 0 | QS66: =QS35/100 -> 0 | QT66: =QT35/100 -> 0
M67: TKA | SB67: =SB46/40 -> 0 | SC67: =SC46/40 -> 0 | SD67: =SD46/40 -> 0 | SE67: =SE46/100 -> 0 | SF67: =SF46/100 -> 0 | SG67: =SG46/100 -> 0 | SH67: =SH46/100 -> 0 | SI67: =SI46/100 -> 0 | SJ67: =SJ46/100 -> 0 | SK67: =SK46/100 -> 0 | SL67: =SL46/100 -> 0 | ... SU67: =SU46/100 -> 0
